상호명,상권업종소분류명,시도명,시군구명,위도,경도
투썸플레이스용,카페,제주특별자치도,제주시,33.51653926,126.5041081
카페베네제주애월곽지해수욕장점,카페,제주특별자치도,제주시,33.44825583,126.3040556
쿰다카페,카페,제주특별자치도,제주시,33.46219594,126.4496656
빽다방제주법조,카페,제주특별자치도,제주시,33.49459457,126.5343205
투썸플레이스,카페,제주특별자치도,제주시,33.46204272,126.3108082
풀바셋제주아라DT점,카페,제주특별자치도,제주시,33.48764118,126.5410074
할리스제주연북로점,카페,제주특별자치도,제주시,33.48138551,126.5153259
세라젬웰카페제주,카페,제주특별자치도,제주시,33.48166711,126.4845637
아쿠아플라넷제주,카페,제주특별자치도,서귀포시,33.43297604,126.9277911
톨칸이,카페,제주특별자치도,제주시,33.49419023,126.9551807
투썸플레이스제주노형,카페,제주특별자치도,제주시,33.48427122,126.4798894
애월리다과점,카페,제주특별자치도,제주시,33.4637643,126.3221754
데코르,카페,제주특별자치도,제주시,33.49041122,126.4306998
폴바셋제주용담DT점,카페,제주특별자치도,제주시,33.51743545,126.4872794
우도소품관,카페,제주특별자치도,제주시,33.4977465,126.9679203
펜고호다,카페,제주특별자치도,제주시,33.41830642,126.3123796
테이크썸윌리,카페,제주특별자치도,제주시,33.49149502,126.5372424
바오밥나무,카페,제주특별자치도,제주시,33.45079602,126.3910026
보목동마을회,카페,제주특별자치도,서귀포시,33.23701147,126.5957635
귤곳간,카페,제주특별자치도,서귀포시,33.28953082,126.6932911
동명카페,카페,제주특별자치도,제주시,33.51048296,126.5325457
파파사이트,카페,제주특별자치도,제주시,33.33947229,126.2699799
끌림,카페,제주특별자치도,제주시,33.50431484,126.5181039
미스틱3도,카페,제주특별자치도,제주시,33.44998766,126.4873647
제주로드팡134,카페,제주특별자치도,제주시,33.47252073,126.4088812
썬시티,카페,제주특별자치도,제주시,33.55340826,126.7951231
로이셀팩토리,카페,제주특별자치도,제주시,33.52394059,126.8568091
오트팩토리,카페,제주특별자치도,제주시,33.52316768,126.5670957
라플라주,카페,제주특별자치도,제주시,33.54282513,126.6705103
우호적무관심,카페,제주특별자치도,제주시,33.33772492,126.2672125
키아오라카페,카페,제주특별자치도,서귀포시,33.43430401,126.9048958
영란다방,카페,제주특별자치도,제주시,33.50235933,126.5277142
모알보알,카페,제주특별자치도,제주시,33.55956298,126.7279531
더벤티원,카페,제주특별자치도,제주시,33.48554597,126.4850464
다함께야구펍,카페,제주특별자치도,제주시,33.4862387,126.4846873
알맞은시간,카페,제주특별자치도,서귀포시,33.30651921,126.7691048
빽다방서귀포성읍,카페,제주특별자치도,서귀포시,33.38468406,126.8022046
리치망고협제점,카페,제주특별자치도,제주시,33.40240328,126.2517715
바이못,카페,제주특별자치도,제주시,33.35019968,126.3058575
쥬씨삼화점,카페,제주특별자치도,제주시,33.51675485,126.579452
유스커피,카페,제주특별자치도,제주시,33.48432202,126.5406591
카페랑스,카페,제주특별자치도,서귀포시,33.26562663,126.5681667
플로레종,카페,제주특별자치도,제주시,33.43392437,126.4015297
공차제주,카페,제주특별자치도,제주시,33.50540414,126.5414302
카페올디,카페,제주특별자치도,제주시,33.49395507,126.54912
놀멍쉬멍카페테리아,카페,제주특별자치도,서귀포시,33.25267296,126.4183711
월드카페,카페,제주특별자치도,제주시,33.41738834,126.2639423
이디야커피,카페,제주특별자치도,제주시,33.51335226,126.5260185
업드림스튜디오제주성산브런치난산리다방;조아가지구,카페,제주특별자치도,서귀포시,33.39894482,126.8679034
투썸플레이스제주애월다인호텔점,카페,제주특별자치도,제주시,33.47249892,126.3504761
구달나인,카페,제주특별자치도,서귀포시,33.26937852,126.6486793
제주살롱,카페,제주특별자치도,제주시,33.47101668,126.7825797
메이비,카페,제주특별자치도,서귀포시,33.24498363,126.5642337
블루로즈553,카페,제주특별자치도,제주시,33.33804933,126.2284766
애월브릭하우스,카페,제주특별자치도,제주시,33.4748358,126.3647349
소담,카페,제주특별자치도,서귀포시,33.23124686,126.5073444
본태인터네셔널,카페,제주특별자치도,제주시,33.46292656,126.3092415
터미널다방,카페,제주특별자치도,제주시,33.49971311,126.5148687
진주다방,카페,제주특별자치도,제주시,33.47836044,126.4807639
메가엠지씨커피제주,카페,제주특별자치도,제주시,33.50568343,126.541375
빽다방서귀포올레,카페,제주특별자치도,서귀포시,33.24949522,126.5626446
커피473,카페,제주특별자치도,제주시,33.49943292,126.5407084
플레이스엉물,카페,제주특별자치도,제주시,33.48963246,126.9006603
쪼끌락,카페,제주특별자치도,제주시,33.55776259,126.7552037
토끼문,카페,제주특별자치도,제주시,33.55589725,126.7954833
경운재,카페,제주특별자치도,제주시,33.49393907,126.6767755
개화당,카페,제주특별자치도,제주시,33.47019723,126.5415297
꿈꾸는고양이,카페,제주특별자치도,제주시,33.46608988,126.3576344
달자카페,카페,제주특별자치도,제주시,33.48354907,126.3797559
홀리싯커피서플라이,카페,제주특별자치도,제주시,33.49480093,126.5413032
클라우드나인커피,카페,제주특별자치도,제주시,33.49903842,126.5292819
몽상의정원,카페,제주특별자치도,제주시,33.52450224,126.5645809
글러트니커피,카페,제주특별자치도,제주시,33.48657252,126.5348907
블라썸1407,카페,제주특별자치도,제주시,33.45684998,126.3475381
뽀르또,카페,제주특별자치도,서귀포시,33.27312475,126.6633264
도그모루,카페,제주특별자치도,제주시,33.51527905,126.673015
법환쌀다방,카페,제주특별자치도,서귀포시,33.23747385,126.5110862
카페오트,카페,제주특별자치도,제주시,33.32585668,126.2560565
리치망고도두해안로점,카페,제주특별자치도,제주시,33.50565334,126.4684182
엘파소,카페,제주특별자치도,서귀포시,33.24538996,126.3259153
사계풍경포시즌,카페,제주특별자치도,서귀포시,33.23655142,126.3106193
세화인,카페,제주특별자치도,제주시,33.52619367,126.8560088
띠아모제주,카페,제주특별자치도,제주시,33.50593974,126.495957
헬렌앤마리,카페,제주특별자치도,제주시,33.51223474,126.5237859
채플린,카페,제주특별자치도,서귀포시,33.24820844,126.5659453
세화비치,카페,제주특별자치도,제주시,33.52493239,126.8568398
코삿호다,카페,제주특별자치도,제주시,33.36551894,126.1982888
소인,카페,제주특별자치도,제주시,33.48421784,126.4843764
깃든,카페,제주특별자치도,제주시,33.54309217,126.8296125
카페현,카페,제주특별자치도,제주시,33.49288896,126.5435838
큐제이,카페,제주특별자치도,제주시,33.49014821,126.5363242
미르의언덕,카페,제주특별자치도,제주시,33.54518288,126.6621784
카페훤,카페,제주특별자치도,제주시,33.39617119,126.242506
스위스마을117동;다온,카페,제주특별자치도,제주시,33.49393907,126.6767755
디오,카페,제주특별자치도,제주시,33.50714974,126.5121904
윈드스톤,카페,제주특별자치도,제주시,33.46047601,126.4360909
백향목전통차,카페,제주특별자치도,서귀포시,33.40975637,126.8977734
준파스타,카페,제주특별자치도,서귀포시,33.25852567,126.6249409
블루하이,카페,제주특별자치도,제주시,33.38139558,126.2180244
한앤솜하우스,카페,제주특별자치도,제주시,33.47567755,126.477391
에이바우트커피올레,카페,제주특별자치도,서귀포시,33.24736797,126.5628162
카페이음새,카페,제주특별자치도,제주시,33.49057559,126.4957017
카페블루탐,카페,제주특별자치도,제주시,33.53120208,126.6196447
그녀의커피잔,카페,제주특별자치도,서귀포시,33.24153658,126.5312247
이디야커피제주하귀점,카페,제주특별자치도,제주시,33.48461884,126.4162338
콩,카페,제주특별자치도,서귀포시,33.25447191,126.5600014
르브아커피,카페,제주특별자치도,서귀포시,33.27404317,126.6764396
바닐라파레트,카페,제주특별자치도,제주시,33.47713358,126.4805991
블루미270,카페,제주특별자치도,서귀포시,33.31220486,126.7191774
모티프커피제주,카페,제주특별자치도,서귀포시,33.28035193,126.2851033
종달블랑,카페,제주특별자치도,제주시,33.49184928,126.8992696
보라지붕,카페,제주특별자치도,제주시,33.54076855,126.6701521
갤러리오브디지털아트,카페,제주특별자치도,서귀포시,33.30420118,126.2996617
이레하우스,카페,제주특별자치도,제주시,33.49606021,126.5503358
인,카페,제주특별자치도,제주시,33.54519975,126.8280471
버터플라이,카페,제주특별자치도,서귀포시,33.25702335,126.5755173
제주봄날,카페,제주특별자치도,제주시,33.46250476,126.3095891
메탈리코,카페,제주특별자치도,제주시,33.42538868,126.4057816
화의기억,카페,제주특별자치도,제주시,33.43953704,126.3285043
엘앤씨컴퍼니,카페,제주특별자치도,서귀포시,33.24429919,126.5910194
카페오션브릭,카페,제주특별자치도,서귀포시,33.24174054,126.3246451
레이지,카페,제주특별자치도,서귀포시,33.23644663,126.3128625
색달로망스,카페,제주특별자치도,서귀포시,33.26076227,126.4110842
녹원,카페,제주특별자치도,제주시,33.50758453,126.5243064
제주엔봄,카페,제주특별자치도,제주시,33.46610987,126.5146579
산방산흑돼지,카페,제주특별자치도,서귀포시,33.23587318,126.3086291
이디야커피제주화북점,카페,제주특별자치도,제주시,33.51876939,126.5727148
효진,카페,제주특별자치도,제주시,33.51317035,126.5303355
뽀르뽀라,카페,제주특별자치도,서귀포시,33.41055767,126.9078243
유람위드북스,카페,제주특별자치도,제주시,33.33973823,126.2347777
루핀,카페,제주특별자치도,서귀포시,33.21038633,126.2913358
도노미,카페,제주특별자치도,제주시,33.48425354,126.4756933
오캄커피,카페,제주특별자치도,제주시,33.4995528,126.5317865
리치망고애월점,카페,제주특별자치도,제주시,33.46855869,126.3401783
걸피커피,카페,제주특별자치도,제주시,33.49907053,126.5258811
에이바우트스타디움,카페,제주특별자치도,제주시,33.50496379,126.5643129
파스쿠찌제주노형,카페,제주특별자치도,제주시,33.48701852,126.4792812
속솜,카페,제주특별자치도,제주시,33.52859028,126.879839
자작나무,카페,제주특별자치도,제주시,33.4798375,126.4978942
파머스커피,카페,제주특별자치도,서귀포시,33.24374997,126.45694
곱을락;숨바꼭질,카페,제주특별자치도,서귀포시,33.1670806,126.2724305
동광,카페,제주특별자치도,제주시,33.48972959,126.5425566
비원,카페,제주특별자치도,제주시,33.51310344,126.5293349
요거프레스제주성산점,카페,제주특별자치도,서귀포시,33.46642464,126.9119929
카페노아,카페,제주특별자치도,제주시,33.52862493,126.58904
니모스토리,카페,제주특별자치도,제주시,33.55825605,126.7539855
두리,카페,제주특별자치도,서귀포시,33.32585142,126.8316261
레드빈,카페,제주특별자치도,서귀포시,33.25239944,126.4254769
제주앨리스연동점,카페,제주특별자치도,제주시,33.48014304,126.4910174
메이플,카페,제주특별자치도,제주시,33.38407682,126.2673612
에이바웃,카페,제주특별자치도,서귀포시,33.25159096,126.424173
뜨락,카페,제주특별자치도,제주시,33.48291507,126.4124687
모란이피기까지,카페,제주특별자치도,제주시,33.51557546,126.8664133
디엔에이투자파트너스,카페,제주특별자치도,제주시,33.30816135,126.249077
컴포즈서귀포표선점,카페,제주특별자치도,서귀포시,33.326898,126.8321396
부커피,카페,제주특별자치도,제주시,33.51890666,126.4920498
호꼴락,카페,제주특별자치도,서귀포시,33.32585142,126.8316261
마린68,카페,제주특별자치도,서귀포시,33.23084931,126.3082931
덴드리,카페,제주특별자치도,서귀포시,33.36961314,126.8660565
부추,카페,제주특별자치도,제주시,33.4474759,126.4343037
온도커피,카페,제주특별자치도,제주시,33.48291128,126.4845563
에니스케리,카페,제주특별자치도,제주시,33.39540252,126.2421257
마블러스하도,카페,제주특별자치도,제주시,33.52920362,126.8800965
은찬이네카페,카페,제주특별자치도,서귀포시,33.32585142,126.8316261
유심이감성,카페,제주특별자치도,제주시,33.96058454,126.2955297
아주르블루,카페,제주특별자치도,서귀포시,33.27968447,126.7238222
모래비커피팩토리,카페,제주특별자치도,제주시,33.55551949,126.7960334
투썸플레이스제주남원농협하나로마트점,카페,제주특별자치도,서귀포시,33.28439528,126.7217033
그리니티,카페,제주특별자치도,제주시,33.49292048,126.5447996
커피순,카페,제주특별자치도,제주시,33.49162771,126.4972451
우지커피제주,카페,제주특별자치도,서귀포시,33.25209791,126.4226673
20세기소년,카페,제주특별자치도,제주시,33.50141082,126.5296027
베러먼데이노형,카페,제주특별자치도,제주시,33.48337831,126.4776675
제파,카페,제주특별자치도,제주시,33.55456941,126.7939789
오,카페,제주특별자치도,제주시,33.51474639,126.5394758
애월맛차,카페,제주특별자치도,제주시,33.47140411,126.4186999
로컬리지,카페,제주특별자치도,서귀포시,33.23153949,126.2963148
카페촐,카페,제주특별자치도,서귀포시,33.41223397,126.7737708
록록타르트,카페,제주특별자치도,제주시,33.52885087,126.8789343
월령15,카페,제주특별자치도,제주시,33.37626312,126.2176405
망고레이필리핀디저트카페,카페,제주특별자치도,서귀포시,33.43635265,126.9205188
송당나무가드닝센터,카페,제주특별자치도,제주시,33.47696041,126.7890416
헬레네감사헌느,카페,제주특별자치도,제주시,33.49484937,126.6766537
하토우커피로스터스,카페,제주특별자치도,제주시,33.52002431,126.8701416
나지금제주,카페,제주특별자치도,제주시,33.48177429,126.4714799
서귀포더벤티,카페,제주특별자치도,서귀포시,33.25092138,126.4334703
노마와사비,카페,제주특별자치도,제주시,33.50164112,126.5429567
카페두모리에,카페,제주특별자치도,제주시,33.3574857,126.1830635
소금인형,카페,제주특별자치도,제주시,33.50448544,126.5249261
메리오가닉,카페,제주특별자치도,제주시,33.34972088,126.1827386
나인커피숍,카페,제주특별자치도,제주시,33.49473979,126.5467378
개떼목장,카페,제주특별자치도,서귀포시,33.27937334,126.3179364
우도몬딱,카페,제주특별자치도,제주시,33.51501791,126.9569783
카페도구리3083,카페,제주특별자치도,서귀포시,33.27490269,126.172617
구씨커피,카페,제주특별자치도,제주시,33.52363072,126.853957
좁생이방앗간,카페,제주특별자치도,서귀포시,33.35470622,126.8405523
빽다방제주,카페,제주특별자치도,제주시,33.54518288,126.6621784
카페애옥,카페,제주특별자치도,서귀포시,33.36924586,126.8682922
커피와수다,카페,제주특별자치도,제주시,33.51152704,126.5202918
돌개바람,카페,제주특별자치도,서귀포시,33.40076258,126.9032017
쿠잉,카페,제주특별자치도,제주시,33.49271625,126.4770627
욱앤에프,카페,제주특별자치도,제주시,33.54248807,126.6692088
앤그리고,카페,제주특별자치도,서귀포시,33.24708522,126.5644594
노을해안1014,카페,제주특별자치도,제주시,33.29767701,126.1685585
더벤티법환포구점,카페,제주특별자치도,서귀포시,33.2355576,126.5144657
원택,카페,제주특별자치도,제주시,33.49860909,126.5301882
달리는커피도두점,카페,제주특별자치도,제주시,33.50294734,126.4639471
코알라,카페,제주특별자치도,제주시,33.48121705,126.489096
템푸스,카페,제주특별자치도,제주시,33.55492716,126.7976932
베이커리카페70,카페,제주특별자치도,서귀포시,33.24499229,126.569309
서정,카페,제주특별자치도,서귀포시,33.25259464,126.5544092
법인더휘게,카페,제주특별자치도,제주시,33.429337,126.3551096
시작카페,카페,제주특별자치도,제주시,33.50770869,126.5237676
말벗카페,카페,제주특별자치도,제주시,33.44897614,126.7134458
고스란히,카페,제주특별자치도,제주시,33.48845775,126.5351281
어썸커뮤니티,카페,제주특별자치도,제주시,33.47643936,126.5497487
드롭탑제주,카페,제주특별자치도,제주시,33.50397969,126.5270597
꾸까,카페,제주특별자치도,제주시,33.51567549,126.5396001
파피용살롱드떼,카페,제주특별자치도,서귀포시,33.32772543,126.8306129
컴포즈커피한림점,카페,제주특별자치도,제주시,33.40991433,126.2654889
황금다방,카페,제주특별자치도,서귀포시,33.24748842,126.5663137
에이드롭커피,카페,제주특별자치도,서귀포시,33.27537309,126.6747173
도로시,카페,제주특별자치도,제주시,33.48817416,126.4818136
머스크,카페,제주특별자치도,제주시,33.52019977,126.5666153
앨리스,카페,제주특별자치도,제주시,33.49756987,126.5295589
달리는커피제주삼화점,카페,제주특별자치도,제주시,33.51702523,126.5820878
레몬올레,카페,제주특별자치도,서귀포시,33.2624917,126.3684872
동감,카페,제주특별자치도,제주시,33.47860391,126.4807732
귤하르방구좌점,카페,제주특별자치도,제주시,33.53239786,126.8494315
마당한동,카페,제주특별자치도,제주시,33.53333216,126.8198994
금호다방,카페,제주특별자치도,제주시,33.51211652,126.5188571
모카,카페,제주특별자치도,서귀포시,33.29216872,126.7613912
우유부단,카페,제주특별자치도,제주시,33.34761701,126.3280613
모시란,카페,제주특별자치도,제주시,33.49811223,126.5468709
백조,카페,제주특별자치도,제주시,33.51364025,126.5282449
달페이지,카페,제주특별자치도,서귀포시,33.2597569,126.4139349
마로네,카페,제주특별자치도,제주시,33.51217707,126.5395325
망고하이,카페,제주특별자치도,서귀포시,33.25822668,126.4068622
카카듀,카페,제주특별자치도,제주시,33.49130453,126.5417843
이디야커피제주연북로점,카페,제주특별자치도,제주시,33.48166877,126.4849618
그레이트커피,카페,제주특별자치도,서귀포시,33.2669766,126.2953761
귤꽃,카페,제주특별자치도,제주시,33.53842006,126.6553142
샐리가든커피,카페,제주특별자치도,제주시,33.49291516,126.5360727
19티성산,카페,제주특별자치도,서귀포시,33.46129928,126.9342755
엠브릿지,카페,제주특별자치도,서귀포시,33.21005903,126.2583784
코츠커피,카페,제주특별자치도,서귀포시,33.2448043,126.5065709
아이즈,카페,제주특별자치도,제주시,33.53606053,126.6251894
카페헤이브라운,카페,제주특별자치도,제주시,33.47211616,126.5411323
카페인어,카페,제주특별자치도,제주시,33.44043402,126.2763944
제주나무카페,카페,제주특별자치도,제주시,33.4561999,126.710378
쁘띠,카페,제주특별자치도,제주시,33.49517849,126.5337578
꽃길,카페,제주특별자치도,서귀포시,33.25091618,126.5616181
카페바나나,카페,제주특별자치도,제주시,33.54381497,126.6630989
컴플리트,카페,제주특별자치도,제주시,33.47824183,126.4912975
다코네,카페,제주특별자치도,제주시,33.52919017,126.8367771
위즈,카페,제주특별자치도,제주시,33.48751466,126.4321283
커피로카,카페,제주특별자치도,제주시,33.50662665,126.5404444
하례마을공간내창협동조합,카페,제주특별자치도,서귀포시,33.25339411,126.6275169
꿈,카페,제주특별자치도,제주시,33.5020625,126.5278988
올래파이,카페,제주특별자치도,제주시,33.48015144,126.4908667
픽토랜드,카페,제주특별자치도,제주시,33.5221791,126.6881022
달리는커피제주외도점,카페,제주특별자치도,제주시,33.48897754,126.4306661
칠칠,카페,제주특별자치도,제주시,33.51365447,126.5272439
알레그레,카페,제주특별자치도,제주시,33.42599077,126.26416
더구두미,카페,제주특별자치도,서귀포시,33.2436643,126.5953895
마크로비오틱올리브,카페,제주특별자치도,서귀포시,33.3260623,126.3788012
소색채본,카페,제주특별자치도,서귀포시,33.23511656,126.3136453
카페쉬머,카페,제주특별자치도,서귀포시,33.25405129,126.5217788
바라나시책골목,카페,제주특별자치도,제주시,33.51632169,126.5151957
플라워코티지,카페,제주특별자치도,서귀포시,33.24486755,126.3636675
영국찻집,카페,제주특별자치도,제주시,33.41723414,126.314119
커피림,카페,제주특별자치도,제주시,33.46944616,126.4878634
노론존,카페,제주특별자치도,제주시,33.48843607,126.4840824
카페분식이다,카페,제주특별자치도,제주시,33.48764301,126.5342501
해리앤소담,카페,제주특별자치도,제주시,33.462635,126.4310858
앤드앤드,카페,제주특별자치도,제주시,33.48361455,126.4867363
빽다방제주평화로에스케이점,카페,제주특별자치도,제주시,33.46752173,126.4572482
컴포즈,카페,제주특별자치도,서귀포시,33.26130866,126.521589
서귀포평양옥,카페,제주특별자치도,서귀포시,33.29839248,126.6007523
케이빈,카페,제주특별자치도,제주시,33.47756583,126.549603
몽마르카부덴,카페,제주특별자치도,서귀포시,33.23523845,126.3128612
파라카페,카페,제주특별자치도,제주시,33.48409544,126.3808387
발트글라스카페,카페,제주특별자치도,제주시,33.46803839,126.4853759
고사리커피,카페,제주특별자치도,제주시,33.47337211,126.7640802
러뷰라떼,카페,제주특별자치도,제주시,33.47981511,126.526567
혜윰,카페,제주특별자치도,제주시,33.46933,126.5435137
커피마마제주한림점,카페,제주특별자치도,제주시,33.41112413,126.2672955
수궁다방,카페,제주특별자치도,서귀포시,33.22024366,126.2517491
카페온,카페,제주특별자치도,제주시,33.4903459,126.4794012
제주에서,카페,제주특별자치도,제주시,33.49863977,126.5335348
자유다방,카페,제주특별자치도,서귀포시,33.24923485,126.5655325
루프탑,카페,제주특별자치도,서귀포시,33.24522304,126.5630844
산지물마을카페,카페,제주특별자치도,서귀포시,33.26429827,126.5647281
웰컴순카페,카페,제주특별자치도,제주시,33.34569737,126.283055
라브뉴,카페,제주특별자치도,제주시,33.49226184,126.5301794
꼬닥꼬닥걸으멍,카페,제주특별자치도,서귀포시,33.17279851,126.269628
카페제주로드1136,카페,제주특별자치도,제주시,33.35310505,126.2594238
빽다방제주봉개DT점,카페,제주특별자치도,제주시,33.48410845,126.6041955
봄봄,카페,제주특별자치도,제주시,33.48913908,126.4754379
쉬어갓,카페,제주특별자치도,서귀포시,33.38609318,126.8822709
드리밍,카페,제주특별자치도,제주시,33.50042454,126.5263042
플랏포커피,카페,제주특별자치도,제주시,33.4870154,126.4828427
모드락572,카페,제주특별자치도,서귀포시,33.35447622,126.7737377
컴포즈커피서귀포성산점,카페,제주특별자치도,서귀포시,33.45093511,126.9121806
제피로스,카페,제주특별자치도,제주시,33.31758726,126.1690138
고다시,카페,제주특별자치도,제주시,33.47400801,126.5263512
카페판포리,카페,제주특별자치도,제주시,33.36316255,126.201985
아미고라운드,카페,제주특별자치도,서귀포시,33.24244666,126.3752195
엠에이치컴퍼니산노루,카페,제주특별자치도,제주시,33.33003816,126.2133067
티타임커피,카페,제주특별자치도,제주시,33.96309386,126.2976513
더그레이스,카페,제주특별자치도,제주시,33.3213676,126.2412959
유나카페,카페,제주특별자치도,서귀포시,33.26601391,126.6418238
숑,카페,제주특별자치도,서귀포시,33.26634121,126.6427669
록록,카페,제주특별자치도,제주시,33.52885087,126.8789343
레프트핸더,카페,제주특별자치도,제주시,33.52019012,126.8649961
콜라비,카페,제주특별자치도,제주시,33.4281614,126.6746216
버드아일랜드,카페,제주특별자치도,제주시,33.4639907,126.4559256
아줄레주,카페,제주특별자치도,서귀포시,33.36698454,126.8391652
양철공,카페,제주특별자치도,서귀포시,33.24430598,126.5690012
달비치,카페,제주특별자치도,제주시,33.55507964,126.7972082
소길다방,카페,제주특별자치도,제주시,33.43881064,126.37944
카페시소,카페,제주특별자치도,제주시,33.54344647,126.6348801
마당별,카페,제주특별자치도,서귀포시,33.25146233,126.4394331
272커피,카페,제주특별자치도,제주시,33.49978104,126.5254253
카페,카페,제주특별자치도,제주시,33.40721769,126.3340205
해당화다방,카페,제주특별자치도,서귀포시,33.24923845,126.5665626
아이올레인포레스트,카페,제주특별자치도,제주시,33.51836883,126.7877679
낭커피,카페,제주특별자치도,서귀포시,33.29157606,126.6092218
싱싱프루츠,카페,제주특별자치도,제주시,33.48939522,126.5399114
커피516,카페,제주특별자치도,서귀포시,33.2560736,126.5772711
메종드카페,카페,제주특별자치도,제주시,33.49953427,126.522209
헤이브라더,카페,제주특별자치도,서귀포시,33.22558964,126.2996559
투썸플레이스엠제이벤처오름점,카페,제주특별자치도,제주시,33.45456409,126.5719544
매일더탐나,카페,제주특별자치도,서귀포시,33.30669727,126.7828487
별빛카페,카페,제주특별자치도,제주시,33.4482497,126.5506687
아침미소목,카페,제주특별자치도,제주시,33.45479293,126.5862479
커피냅로스터스제주,카페,제주특별자치도,제주시,33.48918697,126.4137068
놀소랑,카페,제주특별자치도,서귀포시,33.27452275,126.6226721
시,카페,제주특별자치도,서귀포시,33.25724042,126.5704616
미엘드세화,카페,제주특별자치도,제주시,33.52452334,126.8618461
에이바우트커피베라체점,카페,제주특별자치도,제주시,33.49208322,126.5426841
설빙제주삼화점,카페,제주특별자치도,제주시,33.51561842,126.5766805
바누카페,카페,제주특별자치도,제주시,33.5347728,126.6286939
예스예스커피,카페,제주특별자치도,제주시,33.4871059,126.5376854
벌툰제주한라대점,카페,제주특별자치도,제주시,33.47608677,126.4803687
수마,카페,제주특별자치도,서귀포시,33.46099252,126.9338778
퍼스트스퀘어,카페,제주특별자치도,서귀포시,33.25318995,126.5595357
풍년다방카페,카페,제주특별자치도,서귀포시,33.25013125,126.5640365
이디야커피시청고산동산점,카페,제주특별자치도,제주시,33.49640618,126.5317712
케이로컬,카페,제주특별자치도,서귀포시,33.24392289,126.2184997
단수이카스테라인제주,카페,제주특별자치도,제주시,33.46272981,126.4521363
빛채움천연염색체험까페,카페,제주특별자치도,서귀포시,33.39387248,126.7971965
지금;여기,카페,제주특별자치도,서귀포시,33.25241281,126.5590459
오로라공주,카페,제주특별자치도,서귀포시,33.2628656,126.3483402
벨롱,카페,제주특별자치도,제주시,33.52826534,126.8794626
설빙제주,카페,제주특별자치도,제주시,33.49803094,126.52989
호다,카페,제주특별자치도,제주시,33.54284182,126.6633072
킵미클로즈,카페,제주특별자치도,제주시,33.5121669,126.4843184
봉꾸라주,카페,제주특별자치도,서귀포시,33.25428627,126.5057771
디케이리,카페,제주특별자치도,제주시,33.51285797,126.5287981
시차,카페,제주특별자치도,제주시,33.44162411,126.2826004
유라디,카페,제주특별자치도,제주시,33.47143141,126.5511086
투썸플레이스연북로점,카페,제주특별자치도,제주시,33.4819403,126.5028851
미소,카페,제주특별자치도,제주시,33.51277304,126.5184337
더벤티제주,카페,제주특별자치도,제주시,33.50513597,126.5372021
카페코랫,카페,제주특별자치도,제주시,33.43981181,126.329298
카페폴린,카페,제주특별자치도,서귀포시,33.24612527,126.5736493
더벤티제주,카페,제주특별자치도,제주시,33.48668966,126.478261
다소재티하우스,카페,제주특별자치도,제주시,33.50449313,126.5245816
바람,카페,제주특별자치도,제주시,33.44665045,126.5547208
모니카플라워까페,카페,제주특별자치도,제주시,33.46737413,126.5486015
수하리,카페,제주특별자치도,서귀포시,33.40767535,126.8998722
달콤커피제주,카페,제주특별자치도,제주시,33.50593974,126.495957
모멘터리커피,카페,제주특별자치도,제주시,33.55645234,126.7537214
바다는김녕,카페,제주특별자치도,제주시,33.55806866,126.754966
율커피,카페,제주특별자치도,서귀포시,33.27525964,126.70137
스트릿16,카페,제주특별자치도,제주시,33.51453415,126.5122889
블루마운틴4255,카페,제주특별자치도,서귀포시,33.38008267,126.8373034
빽다방빵연구소제주연동점,카페,제주특별자치도,제주시,33.48375064,126.48694
안녕구움,카페,제주특별자치도,제주시,33.3054016,126.1790936
벌크커피서귀포,카페,제주특별자치도,서귀포시,33.25229787,126.5571471
수상한언니들,카페,제주특별자치도,제주시,33.52048552,126.5658281
센잇,카페,제주특별자치도,제주시,33.51191849,126.5236047
봄봄표선점,카페,제주특별자치도,서귀포시,33.32571816,126.8330977
사계2499,카페,제주특별자치도,서귀포시,33.2311132,126.2958677
쏘잉싸롱,카페,제주특별자치도,제주시,33.3226201,126.2621303
가을남자의커피향기,카페,제주특별자치도,제주시,33.46593337,126.3347981
협재이길,카페,제주특별자치도,제주시,33.39255708,126.2412369
트리앤,카페,제주특별자치도,제주시,33.5439787,126.6737361
머스태쉬커피MustacheCoffee,카페,제주특별자치도,제주시,33.46406995,126.3220116
커피온다,카페,제주특별자치도,제주시,33.49946867,126.5215636
리썸룸lissomroom,카페,제주특별자치도,제주시,33.45980998,126.4343635
휴메인제주성산지점,카페,제주특별자치도,서귀포시,33.37275505,126.8538551
시연,카페,제주특별자치도,제주시,33.49688027,126.4517276
살롱드라방,카페,제주특별자치도,제주시,33.45786718,126.3489503
요거랑,카페,제주특별자치도,제주시,33.49398455,126.547312
연출까페,카페,제주특별자치도,서귀포시,33.27871605,126.7181683
천사카페,카페,제주특별자치도,서귀포시,33.44723103,126.9143892
리앤오컴퍼니,카페,제주특별자치도,서귀포시,33.27520828,126.6570069
가온해,카페,제주특별자치도,서귀포시,33.23492509,126.367677
하늘정원,카페,제주특별자치도,서귀포시,33.25273905,126.5569732
차한모금,카페,제주특별자치도,제주시,33.53773785,126.837181
용용다방,카페,제주특별자치도,서귀포시,33.32698143,126.8338364
백주산보,카페,제주특별자치도,서귀포시,33.24395964,126.5947121
카페,카페,제주특별자치도,서귀포시,33.24155689,126.5366431
네꼬야티하우스,카페,제주특별자치도,제주시,33.48567077,126.4156135
림벅애월점,카페,제주특별자치도,제주시,33.48604562,126.414804
컴포즈커피서귀포,카페,제주특별자치도,서귀포시,33.25106156,126.5111285
돌트멍으로드는보름,카페,제주특별자치도,제주시,33.50626247,126.631065
곱닥헌,카페,제주특별자치도,서귀포시,33.22384733,126.2557948
모네의숲,카페,제주특별자치도,제주시,33.33934339,126.2679938
와흘을그리다,카페,제주특별자치도,제주시,33.462691,126.6604549
토산부부,카페,제주특별자치도,서귀포시,33.30888651,126.7818662
그레이스팜,카페,제주특별자치도,서귀포시,33.24759058,126.5857032
날쌘카페제주,카페,제주특별자치도,제주시,33.4945169,126.5352464
추자향기,카페,제주특별자치도,제주시,33.96281876,126.2952625
디저트39제주시청,카페,제주특별자치도,제주시,33.50135771,126.5298612
양지,카페,제주특별자치도,제주시,33.5131231,126.532144
달리는커피아라점,카페,제주특별자치도,제주시,33.47426639,126.5447788
카페엔이오,카페,제주특별자치도,서귀포시,33.27769955,126.6853248
망고블루,카페,제주특별자치도,제주시,33.54140049,126.6670919
달리는커피한림점,카페,제주특별자치도,제주시,33.4130124,126.2649145
흰당나귀,카페,제주특별자치도,제주시,33.55385458,126.7075974
홀리브,카페,제주특별자치도,제주시,33.5375589,126.64411
애월더힐,카페,제주특별자치도,제주시,33.44157,126.4015525
바램,카페,제주특별자치도,서귀포시,33.31116006,126.3525771
스나오(素直),카페,제주특별자치도,서귀포시,33.26161321,126.6173615
블루오션,카페,제주특별자치도,제주시,33.51343126,126.9574849
고산2리복지회신수카페,카페,제주특별자치도,제주시,33.3027058,126.1984238
에이바우트제대,카페,제주특별자치도,제주시,33.44931472,126.5585146
에이바우트커피뷰하귀점,카페,제주특별자치도,제주시,33.48645693,126.4083884
모슬포정미소,카페,제주특별자치도,서귀포시,33.22298849,126.2524015
그래니,카페,제주특별자치도,제주시,33.51134646,126.5179035
용학,카페,제주특별자치도,제주시,33.50514783,126.6953094
에이바우트커피정부종합,카페,제주특별자치도,제주시,33.49014152,126.5273932
이면,카페,제주특별자치도,제주시,33.38858963,126.226558
머문,카페,제주특별자치도,제주시,33.55557314,126.7957641
디바인커피,카페,제주특별자치도,제주시,33.49772875,126.969018
한량,카페,제주특별자치도,제주시,33.48210512,126.4750714
카페보리다,카페,제주특별자치도,제주시,33.49662917,126.5335241
취향의섬,카페,제주특별자치도,서귀포시,33.27438384,126.6898234
반디,카페,제주특별자치도,제주시,33.31614037,126.2565471
투썸플레이스제주,카페,제주특별자치도,제주시,33.49476072,126.532953
그림책카페노란우산,카페,제주특별자치도,서귀포시,33.28851297,126.3028251
지장샘로13,카페,제주특별자치도,서귀포시,33.26547999,126.5597745
쁠랑뜨,카페,제주특별자치도,제주시,33.45280188,126.4854874
스몰홀더,카페,제주특별자치도,제주시,33.39543943,126.2422652
향다방,카페,제주특별자치도,서귀포시,33.32651149,126.833021
드라마컴퍼니,카페,제주특별자치도,제주시,33.45631865,126.427997
별인애월,카페,제주특별자치도,제주시,33.46878732,126.3667262
서귀샌드,카페,제주특별자치도,서귀포시,33.24682751,126.5578614
디베스트커피,카페,제주특별자치도,서귀포시,33.17439409,126.2711157
글라스어니언,카페,제주특별자치도,서귀포시,33.24642534,126.4341431
펠롱,카페,제주특별자치도,제주시,33.49595801,126.5300841
만남,카페,제주특별자치도,제주시,33.52362257,126.8546891
더카이로스,카페,제주특별자치도,제주시,33.44926269,126.400123
베이스노트,카페,제주특별자치도,제주시,33.48774428,126.5000759
미술카페쌤,카페,제주특별자치도,제주시,33.33264251,126.2600481
이디,카페,제주특별자치도,제주시,33.52396444,126.8619331
우주인,카페,제주특별자치도,제주시,33.36742755,126.2453125
투썸플레이스제주,카페,제주특별자치도,제주시,33.49476072,126.532953
델문도,카페,제주특별자치도,제주시,33.54369487,126.6687089
카페나모나모베이커리,카페,제주특별자치도,제주시,33.50890519,126.4719607
안트레,카페,제주특별자치도,서귀포시,33.27854162,126.6370066
다린,카페,제주특별자치도,서귀포시,33.23652891,126.5138381
차뜨락,카페,제주특별자치도,서귀포시,33.22084926,126.2490086
뮤렌,카페,제주특별자치도,제주시,33.49388312,126.6760655
라몽,카페,제주특별자치도,제주시,33.49013151,126.4798759
날외15,카페,제주특별자치도,서귀포시,33.23970613,126.2319702
블라썸,카페,제주특별자치도,서귀포시,33.24292106,126.5546621
해주에이디,카페,제주특별자치도,제주시,33.51292489,126.4844753
이퀄,카페,제주특별자치도,제주시,33.51515968,126.529496
위드커피,카페,제주특별자치도,제주시,33.46962074,126.3927428
신촌,카페,제주특별자치도,제주시,33.42055722,126.2646681
오빠커피;언니옷장,카페,제주특별자치도,제주시,33.51977778,126.5723116
엉또돌다카페농원,카페,제주특별자치도,서귀포시,33.26331064,126.4943393
업소명없음,카페,제주특별자치도,서귀포시,33.28118313,126.3012625
하루하나,카페,제주특별자치도,제주시,33.45203332,126.3932742
로하스,카페,제주특별자치도,서귀포시,33.27667884,126.6056279
인그리드,카페,제주특별자치도,제주시,33.50260015,126.456685
까메까메까망이,카페,제주특별자치도,제주시,33.47315907,126.3790124
에이바우트커피,카페,제주특별자치도,제주시,33.49877386,126.5308437
유쥬얼커피,카페,제주특별자치도,제주시,33.49319679,126.5294642
플랫172,카페,제주특별자치도,제주시,33.48131181,126.4481138
카페송키,카페,제주특별자치도,제주시,33.51513303,126.5201966
카페허그,카페,제주특별자치도,제주시,33.51281932,126.5210704
조남매구움과자,카페,제주특별자치도,제주시,33.49216434,126.8133131
설빙제주대,카페,제주특별자치도,제주시,33.4720143,126.5452962
오가닉제주공방,카페,제주특별자치도,제주시,33.53480648,126.8231692
도을,카페,제주특별자치도,제주시,33.47355519,126.6571312
스완스,카페,제주특별자치도,제주시,33.4859458,126.4945664
카페앤브릭,카페,제주특별자치도,서귀포시,33.24085017,126.4434386
쉬멍놀멍카페,카페,제주특별자치도,제주시,33.39229699,126.2429373
제주특별자치도서귀포시관광지관리사무소,카페,제주특별자치도,서귀포시,33.24471466,126.559546
다복다복,카페,제주특별자치도,제주시,33.52304036,126.8579947
사닮과,카페,제주특별자치도,제주시,33.47720846,126.5431066
스팅그레이,카페,제주특별자치도,제주시,33.30408462,126.2473403
카페코삿,카페,제주특별자치도,서귀포시,33.25984564,126.5729387
지유명차,카페,제주특별자치도,서귀포시,33.25290542,126.4257096
에스엔씨라운지,카페,제주특별자치도,서귀포시,33.25577113,126.5758238
조은기록,카페,제주특별자치도,제주시,33.42357995,126.2773514
시간당킬로미터,카페,제주특별자치도,서귀포시,33.25486154,126.5121805
메이크어베러,카페,제주특별자치도,제주시,33.47814918,126.4755579
바다바라,카페,제주특별자치도,서귀포시,33.24589446,126.4129758
로우파이,카페,제주특별자치도,제주시,33.48055783,126.4758877
아일렛,카페,제주특별자치도,제주시,33.48166198,126.5430079
로이셀,카페,제주특별자치도,제주시,33.4946562,126.546071
우도부릉이,카페,제주특별자치도,제주시,33.51754831,126.9488288
유랑노점아일랜드조르바,카페,제주특별자치도,제주시,33.53556744,126.8390475
망고레이,카페,제주특별자치도,제주시,33.49470526,126.4391512
지중해,카페,제주특별자치도,서귀포시,33.2496324,126.5145596
제일다방,카페,제주특별자치도,제주시,33.41335987,126.2611811
설빙,카페,제주특별자치도,서귀포시,33.24761559,126.564006
연화차,카페,제주특별자치도,제주시,33.4875679,126.7147821
빽다방제주연동,카페,제주특별자치도,제주시,33.48586553,126.4969986
달콤해,카페,제주특별자치도,서귀포시,33.2237642,126.255463
시간을담다,카페,제주특별자치도,제주시,33.52998367,126.8438377
카페따라비,카페,제주특별자치도,서귀포시,33.36173024,126.7666813
달리는커피서귀포,카페,제주특별자치도,서귀포시,33.25003025,126.5609572
카페온결,카페,제주특별자치도,제주시,33.35987881,126.1905404
오리지날로맨스,카페,제주특별자치도,제주시,33.40083557,126.2504521
고래가품은바다,카페,제주특별자치도,서귀포시,33.21185456,126.2570869
우담건강다원,카페,제주특별자치도,제주시,33.49534986,126.9022034
그남자이야기파트1,카페,제주특별자치도,제주시,33.5262524,126.6599698
설빙제주아라점,카페,제주특별자치도,제주시,33.49396095,126.5408987
땡초김밥싱싱왕만두,카페,제주특별자치도,제주시,33.47318651,126.5453331
커피베이,카페,제주특별자치도,제주시,33.4905104,126.4777861
헤븐리,카페,제주특별자치도,서귀포시,33.27684037,126.7140953
제주한치빵우도점,카페,제주특별자치도,제주시,33.51417948,126.9571509
컴포즈커피제주서사라점,카페,제주특별자치도,제주시,33.49965021,126.5195502
아라커피,카페,제주특별자치도,제주시,33.48431477,126.5362907
금선다원,카페,제주특별자치도,서귀포시,33.26447829,126.6137643
야자나라,카페,제주특별자치도,서귀포시,33.23580946,126.5051623
선물가게바나나,카페,제주특별자치도,서귀포시,33.25803181,126.4171337
공차한라대점,카페,제주특별자치도,제주시,33.47861577,126.4750279
컴포즈커피연동,카페,제주특별자치도,제주시,33.48636705,126.4961672
한라산,카페,제주특별자치도,제주시,33.52472286,126.8629007
카페봄봄오라점,카페,제주특별자치도,제주시,33.49640837,126.5090438
마레1440,카페,제주특별자치도,제주시,33.52472758,126.8590684
빽다방제주동광육,카페,제주특별자치도,서귀포시,33.31000984,126.3412999
제주미작,카페,제주특별자치도,제주시,33.39470603,126.2447114
카페드벨로브롬톤,카페,제주특별자치도,제주시,33.48138425,126.5013712
티엔미미,카페,제주특별자치도,제주시,33.48522367,126.4877705
감성커피연동점,카페,제주특별자치도,제주시,33.48391391,126.4915548
모슬포영다방,카페,제주특별자치도,서귀포시,33.22075646,126.2515624
앙카페,카페,제주특별자치도,서귀포시,33.22028751,126.2515449
시타북빠,카페,제주특별자치도,제주시,33.52623644,126.8540388
투썸플레이스제주아라점,카페,제주특별자치도,제주시,33.47430635,126.5483073
디저트39,카페,제주특별자치도,제주시,33.494225,126.5489679
카페제주완,카페,제주특별자치도,제주시,33.48899007,126.4333991
마록당,카페,제주특별자치도,제주시,33.48587821,126.4531634
미깡창고,카페,제주특별자치도,제주시,33.46028232,126.4451169
리릭스,카페,제주특별자치도,제주시,33.46548013,126.4881018
달리북카페;달리책방,카페,제주특별자치도,제주시,33.40329563,126.2547307
등대문화센터,카페,제주특별자치도,제주시,33.52138738,126.5457915
북촌카페,카페,제주특별자치도,제주시,33.54024737,126.6846674
드롭탑서귀포갤러리왈점,카페,제주특별자치도,서귀포시,33.24530483,126.573664
제주드루앙,카페,제주특별자치도,제주시,33.49889351,126.678565
텀브커피여객,카페,제주특별자치도,서귀포시,33.47293016,126.9345035
동신다방,카페,제주특별자치도,제주시,33.50176511,126.5279327
망고식스제주프시케월드점,카페,제주특별자치도,제주시,33.41313619,126.3927922
씨앤모어,카페,제주특별자치도,서귀포시,33.24504126,126.4155997
수가티앙커피로스터,카페,제주특별자치도,제주시,33.49411952,126.9593022
커피욜로,카페,제주특별자치도,제주시,33.48677896,126.5346421
아도스팩토리,카페,제주특별자치도,제주시,33.35609654,126.2009644
에프앤앰빈티지카페,카페,제주특별자치도,서귀포시,33.3084996,126.7823181
하이월드하이엔드로스터리,카페,제주특별자치도,제주시,33.46358421,126.3091502
이디아장,카페,제주특별자치도,서귀포시,33.23644425,126.3124333
태희드림,카페,제주특별자치도,제주시,33.39540252,126.2421257
일일오팔족욕카페,카페,제주특별자치도,제주시,33.46708756,126.3365105
제돌이팡동문,카페,제주특별자치도,제주시,33.51290152,126.5260317
옥,카페,제주특별자치도,제주시,33.50331208,126.526945
소소샵,카페,제주특별자치도,제주시,33.52018066,126.9480522
달달한제주,카페,제주특별자치도,제주시,33.50941469,126.5104018
새코롬,카페,제주특별자치도,서귀포시,33.26213332,126.4325393
휴린인터내셔날,카페,제주특별자치도,서귀포시,33.43987149,126.8992115
빅트리,카페,제주특별자치도,서귀포시,33.23827859,126.3364201
동미다방,카페,제주특별자치도,서귀포시,33.24867024,126.5665118
컴포즈커피토평점,카페,제주특별자치도,서귀포시,33.26787417,126.5902119
소우정,카페,제주특별자치도,제주시,33.50052568,126.5268202
에이바우트커피신제주점,카페,제주특별자치도,제주시,33.48170354,126.482487
커피프린스,카페,제주특별자치도,제주시,33.50064285,126.5268088
토끼언니외계인,카페,제주특별자치도,제주시,33.4784419,126.4895211
제주들녘,카페,제주특별자치도,제주시,33.41707838,126.3136687
나비정원,카페,제주특별자치도,서귀포시,33.22039127,126.2493128
법인슈퍼파머스,카페,제주특별자치도,서귀포시,33.25586275,126.5789033
우도여행,카페,제주특별자치도,제주시,33.52441999,126.9525493
위미2리새마을문고북카페,카페,제주특별자치도,서귀포시,33.27480422,126.6675813
로아네,카페,제주특별자치도,서귀포시,33.3807496,126.8761201
찰리스,카페,제주특별자치도,서귀포시,33.23535869,126.3696158
제주설심당,카페,제주특별자치도,서귀포시,33.25191216,126.5679659
썬샤인워크,카페,제주특별자치도,서귀포시,33.24807053,126.38929
산들티카페,카페,제주특별자치도,서귀포시,33.24737665,126.3348706
카페밭티,카페,제주특별자치도,서귀포시,33.25925341,126.533577
별위별,카페,제주특별자치도,제주시,33.3423098,126.1745581
귤밭에고양이,카페,제주특별자치도,서귀포시,33.27941932,126.6773751
빅브라더,카페,제주특별자치도,제주시,33.48712416,126.4916975
창고96,카페,제주특별자치도,서귀포시,33.27964673,126.6513969
약속다방,카페,제주특별자치도,서귀포시,33.44907084,126.9151402
파스쿠찌제주,카페,제주특별자치도,제주시,33.48231405,126.4840327
브릭커피,카페,제주특별자치도,제주시,33.48253999,126.4713246
워커스폴,카페,제주특별자치도,제주시,33.46916061,126.4170905
여름정원,카페,제주특별자치도,서귀포시,33.3610065,126.8389506
탤러해시,카페,제주특별자치도,제주시,33.48947102,126.4750485
모이,카페,제주특별자치도,서귀포시,33.25698383,126.5771487
카페노이,카페,제주특별자치도,서귀포시,33.2369472,126.3039749
망고홀릭,카페,제주특별자치도,제주시,33.48271183,126.5343949
청춘부부,카페,제주특별자치도,서귀포시,33.26591865,126.2791141
카페베네중앙,카페,제주특별자치도,제주시,33.49231864,126.4704796
오니리크,카페,제주특별자치도,서귀포시,33.25516641,126.5575297
오션컬러,카페,제주특별자치도,제주시,33.54780082,126.6568275
5길,카페,제주특별자치도,제주시,33.53188403,126.8422517
초밥군커피씨,카페,제주특별자치도,제주시,33.51008934,126.5309764
수타로앤카페,카페,제주특별자치도,제주시,33.4976586,126.5291818
89커피,카페,제주특별자치도,제주시,33.48709031,126.4300329
블랙다방,카페,제주특별자치도,서귀포시,33.2500581,126.5611825
오제이이,카페,제주특별자치도,제주시,33.29596355,126.2329807
메치카불라,카페,제주특별자치도,서귀포시,33.24413649,126.5643452
이룸갤러리카페,카페,제주특별자치도,제주시,33.49391258,126.4828448
커피앤빵,카페,제주특별자치도,제주시,33.96190053,126.2939177
카페수애기,카페,제주특별자치도,서귀포시,33.24081205,126.3347165
카페해피드리머스,카페,제주특별자치도,서귀포시,33.25032735,126.3023988
더시크릿하모니,카페,제주특별자치도,제주시,33.48285656,126.4758093
니모메,카페,제주특별자치도,제주시,33.4937302,126.4309471
락희,카페,제주특별자치도,제주시,33.50546802,126.5202069
아임누,카페,제주특별자치도,제주시,33.48536617,126.5005952
쿠킹클래스카페어썸,카페,제주특별자치도,서귀포시,33.25991168,126.5711676
봄봄한북로점,카페,제주특별자치도,제주시,33.46337437,126.5300879
화수목,카페,제주특별자치도,제주시,33.54083949,126.8305644
2472,카페,제주특별자치도,서귀포시,33.2558827,126.4164397
동원,카페,제주특별자치도,제주시,33.51283957,126.5287013
나우커피제주도남점,카페,제주특별자치도,제주시,33.49323852,126.5238684
해거름전망대,카페,제주특별자치도,제주시,33.37281256,126.2080863
루페이퍼,카페,제주특별자치도,서귀포시,33.27721927,126.1917228
카페제이라움,카페,제주특별자치도,서귀포시,33.25642909,126.1904548
카페리,카페,제주특별자치도,제주시,33.53395437,126.8396534
벌크커피,카페,제주특별자치도,제주시,33.48866344,126.4759572
카페치즈태비,카페,제주특별자치도,제주시,33.55515074,126.8078688
그리그리카페,카페,제주특별자치도,제주시,33.50074677,126.5328132
52번가커피하우스,카페,제주특별자치도,제주시,33.49567583,126.527008
바끄레카페,카페,제주특별자치도,서귀포시,33.2539115,126.5596072
럭스하우징주,카페,제주특별자치도,서귀포시,33.25999997,126.6146641
플루메리아,카페,제주특별자치도,서귀포시,33.23789428,126.5125323
피오레,카페,제주특별자치도,제주시,33.49002442,126.4931977
그럼외도,카페,제주특별자치도,제주시,33.49430316,126.4339994
아리,카페,제주특별자치도,제주시,33.45745455,126.710987
제피로스,카페,제주특별자치도,서귀포시,33.25068103,126.57176
지에프,카페,제주특별자치도,제주시,33.50593974,126.495957
분홍씨,카페,제주특별자치도,제주시,33.45293013,126.3080086
초가시월,카페,제주특별자치도,서귀포시,33.38463847,126.8018823
원앤온리,카페,제주특별자치도,서귀포시,33.23922235,126.3191925
워크인제주,카페,제주특별자치도,제주시,33.32405657,126.1643666
감따남,카페,제주특별자치도,서귀포시,33.26205841,126.4945933
페이지투,카페,제주특별자치도,서귀포시,33.20683316,126.2896162
이디야제주삼화점,카페,제주특별자치도,제주시,33.51352114,126.5803394
대일계획,카페,제주특별자치도,서귀포시,33.22842958,126.2531277
구름언덕&KANGSHIMJANG,카페,제주특별자치도,제주시,33.4984245,126.6550316
유끼네하우스,카페,제주특별자치도,서귀포시,33.39389108,126.7975404
셀렉토커피제주삼화점멜리,카페,제주특별자치도,제주시,33.51615042,126.5766994
그라미니,카페,제주특별자치도,서귀포시,33.2416636,126.5662352
서이,카페,제주특별자치도,제주시,33.49868675,126.5245488
그러므로파트투,카페,제주특별자치도,제주시,33.46842821,126.48589
어글리딜리셔스,카페,제주특별자치도,제주시,33.48898364,126.5359215
52카페,카페,제주특별자치도,서귀포시,33.21989088,126.2470752
카페더블유,카페,제주특별자치도,서귀포시,33.24862658,126.3225641
제주봄,카페,제주특별자치도,서귀포시,33.2502644,126.5872037
씨씨씨카페커브코너,카페,제주특별자치도,서귀포시,33.25403038,126.5575354
에이바우트커피,카페,제주특별자치도,제주시,33.47814918,126.4755579
슬로우식스,카페,제주특별자치도,제주시,33.48948672,126.4917913
카페,카페,제주특별자치도,서귀포시,33.25811958,126.5691803
예술창고내맘,카페,제주특별자치도,서귀포시,33.33125869,126.7940657
카페요디,카페,제주특별자치도,제주시,33.54237809,126.6753463
지금이순간,카페,제주특별자치도,제주시,33.46042089,126.3109932
아날로그감귤밭,카페,제주특별자치도,제주시,33.45567374,126.4508685
디피일오구,카페,제주특별자치도,서귀포시,33.23947253,126.4378359
메가엠지씨커피제주한라대점,카페,제주특별자치도,제주시,33.4761619,126.4789373
커피구십구점구,카페,제주특별자치도,제주시,33.46973022,126.4846129
컴포즈커피서귀포,카페,제주특별자치도,서귀포시,33.22107658,126.253823
제주와함께,카페,제주특별자치도,제주시,33.49130621,126.4740905
블루그라스,카페,제주특별자치도,제주시,33.44744631,126.3092352
카페평화쉼터,카페,제주특별자치도,제주시,33.46080339,126.6131757
스물다섯,카페,제주특별자치도,제주시,33.48900883,126.4809048
카페신산,카페,제주특별자치도,제주시,33.50395459,126.5323225
산노루,카페,제주특별자치도,제주시,33.33003816,126.2133067
에이바우트커피신라,카페,제주특별자치도,제주시,33.48576926,126.4867129
에이바우트커피한라도서관점,카페,제주특별자치도,제주시,33.47753335,126.5147233
스타스낵,카페,제주특별자치도,제주시,33.50489477,126.4983953
쉬멍가,카페,제주특별자치도,서귀포시,33.2489759,126.5636774
차의향기,카페,제주특별자치도,제주시,33.5142663,126.5269176
띠아모제주공항3층,카페,제주특별자치도,제주시,33.50593974,126.495957
보배다방,카페,제주특별자치도,서귀포시,33.44970858,126.9116979
루바토,카페,제주특별자치도,제주시,33.48849631,126.535795
안길9,카페,제주특별자치도,제주시,33.48402907,126.4674529
레스카페,카페,제주특별자치도,서귀포시,33.24640383,126.5213483
블레블랑제리,카페,제주특별자치도,제주시,33.47475838,126.5437219
미르담,카페,제주특별자치도,제주시,33.51094785,126.5037202
문즈,카페,제주특별자치도,제주시,33.49714658,126.5179499
벌크커피신제주점,카페,제주특별자치도,제주시,33.48959104,126.4886594
그라찌에보건의료관점,카페,제주특별자치도,제주시,33.4474759,126.4343037
마노앤디또,카페,제주특별자치도,제주시,33.42584546,126.3958219
마니,카페,제주특별자치도,제주시,33.53731426,126.8373002
돌카페,카페,제주특별자치도,서귀포시,33.2362498,126.4980464
동백화방,카페,제주특별자치도,서귀포시,33.27334317,126.6742418
리지코티지,카페,제주특별자치도,서귀포시,33.29131935,126.3278061
녹두카페,카페,제주특별자치도,서귀포시,33.4326145,126.8626801
맥키쉬,카페,제주특별자치도,제주시,33.52362183,126.5654788
협재해녀다방,카페,제주특별자치도,제주시,33.39839064,126.2442388
쿠루미,카페,제주특별자치도,제주시,33.49269859,126.5012095
88로스터즈,카페,제주특별자치도,제주시,33.52585979,126.5634869
벨라위미,카페,제주특별자치도,서귀포시,33.27645753,126.6654605
코지코너,카페,제주특별자치도,제주시,33.51303993,126.5316063
유구레,카페,제주특별자치도,서귀포시,33.25102767,126.4310766
파스쿠찌제주,카페,제주특별자치도,제주시,33.48910544,126.5395686
투썸플레이스제주쇠소깍점,카페,제주특별자치도,서귀포시,33.25224332,126.6226284
투썸플레이스제주연동점,카페,제주특별자치도,제주시,33.4850532,126.4901602
롱플레이,카페,제주특별자치도,제주시,33.55306903,126.7109382
망고홀릭애월해안도로점,카페,제주특별자치도,제주시,33.47053168,126.3415942
봄봄카페오일장점,카페,제주특별자치도,제주시,33.49337083,126.4848172
우연히그곳,카페,제주특별자치도,제주시,33.47172027,126.7827716
무채색,카페,제주특별자치도,서귀포시,33.25440413,126.4300674
윤재커피,카페,제주특별자치도,제주시,33.51183892,126.5240141
오엔블루,카페,제주특별자치도,서귀포시,33.40740308,126.8976794
거인의정원,카페,제주특별자치도,제주시,33.47184179,126.5352491
자파리버거,카페,제주특별자치도,제주시,33.4187034,126.4011073
휴예그리나,카페,제주특별자치도,제주시,33.52397901,126.9546917
초록달과자점,카페,제주특별자치도,제주시,33.43591385,126.3303925
황금다방,카페,제주특별자치도,제주시,33.5080536,126.5243685
고망딱새,카페,제주특별자치도,제주시,33.50345155,126.4596392
화양연화,카페,제주특별자치도,서귀포시,33.28890443,126.2478035
오로지,카페,제주특별자치도,서귀포시,33.26765906,126.5878732
제주돌창고,카페,제주특별자치도,제주시,33.33708908,126.2335656
3인칭관찰자시점,카페,제주특별자치도,제주시,33.34974675,126.1811914
화수목스튜디오,카페,제주특별자치도,제주시,33.52435586,126.8572713
파스쿠찌제주서사라점,카페,제주특별자치도,제주시,33.49967325,126.518517
언플러그,카페,제주특별자치도,제주시,33.45952896,126.4541356
진명북카페,카페,제주특별자치도,제주시,33.53921255,126.6749813
귤꽃다락,카페,제주특별자치도,서귀포시,33.24640841,126.5225393
제주애퐁당,카페,제주특별자치도,제주시,33.5155621,126.5262648
포레스타,카페,제주특별자치도,서귀포시,33.24816911,126.5807644
동명리공간,카페,제주특별자치도,제주시,33.40972565,126.2655979
카페오르덴,카페,제주특별자치도,제주시,33.48673109,126.4264307
르카페하도,카페,제주특별자치도,제주시,33.50907919,126.8995833
가배미,카페,제주특별자치도,서귀포시,33.2742092,126.5678991
꿀스커피제주아라점,카페,제주특별자치도,제주시,33.48547958,126.544053
새벽노을,카페,제주특별자치도,서귀포시,33.27305539,126.6577345
물음표,카페,제주특별자치도,제주시,33.50429118,126.5189757
플레이스꽃섬,카페,제주특별자치도,제주시,33.46944894,126.4841842
소이재,카페,제주특별자치도,제주시,33.489062,126.4785373
밀류,카페,제주특별자치도,서귀포시,33.31697469,126.8281959
시간의정원,카페,제주특별자치도,서귀포시,33.31510961,126.7198446
파스쿠찌종합,카페,제주특별자치도,제주시,33.48957693,126.5235764
금능맛차롱,카페,제주특별자치도,제주시,33.39039846,126.2362042
블러썸,카페,제주특별자치도,제주시,33.51940665,126.5718829
뮤제빈티지,카페,제주특별자치도,서귀포시,33.28070345,126.6968
향기다방,카페,제주특별자치도,제주시,33.50270106,126.5274864
하라케케,카페,제주특별자치도,서귀포시,33.24286675,126.5277196
몽슬슬라임카페,카페,제주특별자치도,서귀포시,33.21678417,126.2582252
에이바우트커피구남점,카페,제주특별자치도,제주시,33.4850867,126.535372
아일랜드,카페,제주특별자치도,서귀포시,33.27831955,126.7182662
마더카페,카페,제주특별자치도,서귀포시,33.2813004,126.7415294
르샹스,카페,제주특별자치도,제주시,33.50012153,126.5201933
한미숙커피공방,카페,제주특별자치도,제주시,33.516732,126.5352137
카페바라크라,카페,제주특별자치도,서귀포시,33.24163675,126.6041436
카페블루하우스,카페,제주특별자치도,서귀포시,33.25116648,126.5610052
더벤티,카페,제주특별자치도,서귀포시,33.25676874,126.5722561
또시온,카페,제주특별자치도,제주시,33.51351286,126.6768104
콕스,카페,제주특별자치도,제주시,33.49033983,126.5203441
미크라트,카페,제주특별자치도,제주시,33.4169728,126.2729767
제주인이제이,카페,제주특별자치도,서귀포시,33.245341,126.2786178
예그리나,카페,제주특별자치도,제주시,33.51555643,126.5131765
봄벳,카페,제주특별자치도,서귀포시,33.2667694,126.3946765
양과자회관,카페,제주특별자치도,서귀포시,33.362044,126.7657242
레이오버,카페,제주특별자치도,제주시,33.55861978,126.8123841
오월의향,카페,제주특별자치도,제주시,33.47047672,126.5415282
비에노즈,카페,제주특별자치도,제주시,33.44246297,126.2842281
아스쿰,카페,제주특별자치도,제주시,33.49687021,126.5524301
메이비아모르,카페,제주특별자치도,서귀포시,33.2544583,126.5105194
빽다방빵연구소제주합동,카페,제주특별자치도,제주시,33.49013111,126.5270274
컴포즈커피서귀포,카페,제주특별자치도,서귀포시,33.25821708,126.5686968
영희의정원민박&카페,카페,제주특별자치도,제주시,33.46276674,126.3960392
소보리당로222,카페,제주특별자치도,서귀포시,33.26292672,126.3833053
새물,카페,제주특별자치도,제주시,33.47858469,126.3696996
와랑와랑,카페,제주특별자치도,서귀포시,33.27228529,126.6765534
카페안녕성산,카페,제주특별자치도,서귀포시,33.46189448,126.934544
용소담,카페,제주특별자치도,제주시,33.51540532,126.5137263
파스쿠찌제주한라,카페,제주특별자치도,제주시,33.4901296,126.4859017
표선카페,카페,제주특별자치도,서귀포시,33.32589003,126.8335163
꼬닥꼬닥,카페,제주특별자치도,제주시,33.35877805,126.2015523
더벤티서귀포오일,카페,제주특별자치도,서귀포시,33.26543594,126.5703786
제이에스디비,카페,제주특별자치도,제주시,33.51737903,126.5275035
에이바우트커피,카페,제주특별자치도,제주시,33.48917705,126.5394283
나우커피제주,카페,제주특별자치도,제주시,33.48434981,126.4728845
포시즌스,카페,제주특별자치도,제주시,33.41352926,126.2823584
파스쿠찌용담해안도로점,카페,제주특별자치도,제주시,33.51944295,126.4931123
미세스테라,카페,제주특별자치도,제주시,33.48721047,126.546465
야시장이동식판매대,카페,제주특별자치도,제주시,33.51027951,126.526455
아꼬와,카페,제주특별자치도,제주시,33.49681404,126.9068506
제레미,카페,제주특별자치도,제주시,33.46444764,126.318545
바람코지머뭄센터신천다방,카페,제주특별자치도,서귀포시,33.34425829,126.8492942
컴포즈커피서홍점,카페,제주특별자치도,서귀포시,33.25701269,126.5569516
플로리카페,카페,제주특별자치도,제주시,33.48769568,126.5534564
더벤티서귀포올레,카페,제주특별자치도,서귀포시,33.24885808,126.5660816
리베라떼,카페,제주특별자치도,제주시,33.49846205,126.5200518
솔마루,카페,제주특별자치도,서귀포시,33.23720755,126.2941773
조아찌,카페,제주특별자치도,제주시,33.4967408,126.4507707
신대림,카페,제주특별자치도,제주시,33.41721565,126.2637072
지유명차제주,카페,제주특별자치도,제주시,33.47864425,126.4796433
수다,카페,제주특별자치도,서귀포시,33.22773034,126.2522968
특활제주,카페,제주특별자치도,제주시,33.46474533,126.4214767
토방속에장독대,카페,제주특별자치도,제주시,33.48766103,126.4928994
오엘이에프,카페,제주특별자치도,제주시,33.49398066,126.6334092
상향평준화,카페,제주특별자치도,제주시,33.50909891,126.5218873
요유,카페,제주특별자치도,제주시,33.43407031,126.3798501
꼬스덴뇨,카페,제주특별자치도,제주시,33.50986805,126.9052545
부이크브루어스,카페,제주특별자치도,제주시,33.55337524,126.808282
커피비터스윗,카페,제주특별자치도,제주시,33.48846045,126.4988128
빠우사,카페,제주특별자치도,제주시,33.45763692,126.7118684
제이왓,카페,제주특별자치도,서귀포시,33.24103048,126.5285235
샤르망,카페,제주특별자치도,서귀포시,33.24621462,126.5630258
또똣제주,카페,제주특별자치도,서귀포시,33.21091212,126.2918357
라움인제주,카페,제주특별자치도,서귀포시,33.43547469,126.9153901
탐앤탐스신제주점,카페,제주특별자치도,제주시,33.48744917,126.4896081
미쁜제과,카페,제주특별자치도,서귀포시,33.26913714,126.1801307
비선루,카페,제주특별자치도,제주시,33.39910469,126.2445336
버스맨카페,카페,제주특별자치도,제주시,33.49517849,126.5337578
무화과한입,카페,제주특별자치도,제주시,33.52231428,126.5628481
943랩,카페,제주특별자치도,서귀포시,33.23924389,126.5141127
바스코,카페,제주특별자치도,제주시,33.51700148,126.5254389
알마커피제작소,카페,제주특별자치도,제주시,33.55021729,126.6947852
필앤라이프제주,카페,제주특별자치도,제주시,33.51569735,126.8894687
네이쳐그릭본관,카페,제주특별자치도,서귀포시,33.43725334,126.9190877
우리동네만화카페,카페,제주특별자치도,서귀포시,33.2227239,126.2563943
까미노,카페,제주특별자치도,제주시,33.45789657,126.3476809
블랑로쉐,카페,제주특별자치도,제주시,33.51564935,126.9579036
퍼시몬,카페,제주특별자치도,제주시,33.42933078,126.3968838
오멘,카페,제주특별자치도,제주시,33.47544303,126.5435677
세화탐나는도새기,카페,제주특별자치도,제주시,33.52526277,126.8540835
법환동커피,카페,제주특별자치도,서귀포시,33.2370442,126.5118825
카페초가헌,카페,제주특별자치도,서귀포시,33.3903267,126.8012675
일광다방,카페,제주특별자치도,제주시,33.51161323,126.5192689
에이프릴,카페,제주특별자치도,제주시,33.47887622,126.4790609
초록지붕,카페,제주특별자치도,제주시,33.31478961,126.2643977
퍼플,카페,제주특별자치도,서귀포시,33.27871072,126.7197999
하얀산호카페,카페,제주특별자치도,제주시,33.4943304,126.9450331
밤의테이블,카페,제주특별자치도,제주시,33.52337959,126.855077
컴포즈커피서귀포창천점,카페,제주특별자치도,서귀포시,33.26127801,126.3656305
다랑쉬,카페,제주특별자치도,제주시,33.50887851,126.5093286
모던플레이스,카페,제주특별자치도,서귀포시,33.2679239,126.3947651
곰막다방,카페,제주특별자치도,제주시,33.55687771,126.7205204
얼마나오렌지,카페,제주특별자치도,제주시,33.4586172,126.512258
클랭블루,카페,제주특별자치도,제주시,33.34487059,126.1773162
이디야커피제주함덕해수욕장점,카페,제주특별자치도,제주시,33.54118287,126.6699998
광령키즈북카페,카페,제주특별자치도,제주시,33.45955317,126.4334078
오늘종달,카페,제주특별자치도,제주시,33.49824207,126.9116271
오알엔,카페,제주특별자치도,서귀포시,33.47180084,126.9157528
이스턴펫살롱,카페,제주특별자치도,제주시,33.50111691,126.545058
제주기와,카페,제주특별자치도,제주시,33.45113158,126.4254175
향다방,카페,제주특별자치도,제주시,33.52316448,126.8561753
피노키오,카페,제주특별자치도,제주시,33.52050533,126.9482565
모슬포동백다방,카페,제주특별자치도,서귀포시,33.22356755,126.2527399
카페라올라,카페,제주특별자치도,서귀포시,33.27623748,126.1713271
카페루시아,카페,제주특별자치도,서귀포시,33.23521722,126.3630829
카페리꼬,카페,제주특별자치도,제주시,33.40581185,126.2563647
신산리마을카페,카페,제주특별자치도,서귀포시,33.37662989,126.8768244
미주커피앤케이크,카페,제주특별자치도,제주시,33.50380456,126.5307951
커피트리,카페,제주특별자치도,제주시,33.47652806,126.4781067
공차제주연동점,카페,제주특별자치도,제주시,33.4889395,126.4902665
컴플렉스,카페,제주특별자치도,제주시,33.51140658,126.5241241
카페기지,카페,제주특별자치도,제주시,33.33848433,126.26451
비양정거장,카페,제주특별자치도,제주시,33.51304581,126.9645889
히포파운드,카페,제주특별자치도,제주시,33.4855767,126.4604819
카페담아,카페,제주특별자치도,서귀포시,33.24069727,126.5657786
슈푸,카페,제주특별자치도,제주시,33.5099902,126.5238951
인디55,카페,제주특별자치도,서귀포시,33.22363966,126.2423016
커피볶는조아저씨,카페,제주특별자치도,제주시,33.35926022,126.1952412
트라이브,카페,제주특별자치도,제주시,33.46011568,126.3112322
에이바우트커피종합경,카페,제주특별자치도,제주시,33.49593539,126.5194847
카페봄봄,카페,제주특별자치도,서귀포시,33.25285843,126.4214068
친봉,카페,제주특별자치도,서귀포시,33.2911373,126.5960723
제주노형뜨란채점빽다방,카페,제주특별자치도,제주시,33.48658776,126.4733551
가파도봄날에,카페,제주특별자치도,서귀포시,33.1695844,126.2704265
떼르떼,카페,제주특별자치도,제주시,33.48367799,126.4696822
제이스퀘어드카페,카페,제주특별자치도,서귀포시,33.25156846,126.4232074
두갓,카페,제주특별자치도,제주시,33.4646016,126.4493062
카페다,카페,제주특별자치도,제주시,33.53713697,126.6385133
엔피,카페,제주특별자치도,서귀포시,33.24187789,126.5630581
띠아모서홍점,카페,제주특별자치도,서귀포시,33.26208575,126.558611
카페비비,카페,제주특별자치도,제주시,33.52956604,126.5928142
숨맥,카페,제주특별자치도,제주시,33.48384567,126.3941499
픽스커피공단점,카페,제주특별자치도,제주시,33.51464681,126.5720462
카페봄봄,카페,제주특별자치도,서귀포시,33.25310768,126.5695161
제주설심당협재점,카페,제주특별자치도,제주시,33.39590282,126.2428523
터치우드,카페,제주특별자치도,제주시,33.53054941,126.6586612
진저,카페,제주특별자치도,제주시,33.39373981,126.2400335
플팝카페,카페,제주특별자치도,제주시,33.39669129,126.3449784
피카,카페,제주특별자치도,제주시,33.52123687,126.5641236
2월22일,카페,제주특별자치도,제주시,33.4941051,126.5171489
갤러리&카페아토,카페,제주특별자치도,서귀포시,33.32441368,126.7675755
디뷰,카페,제주특별자치도,제주시,33.47998764,126.477505
컴포즈커피화북공단점,카페,제주특별자치도,제주시,33.5121927,126.5637815
청춘역,카페,제주특별자치도,서귀포시,33.24524566,126.5643934
도담도담,카페,제주특별자치도,제주시,33.49238911,126.4373691
힌즈,카페,제주특별자치도,제주시,33.49460657,126.4352887
볼스프로덕션,카페,제주특별자치도,서귀포시,33.25340549,126.4424791
카페봄봄용담점,카페,제주특별자치도,제주시,33.51258464,126.5094799
세논오라,카페,제주특별자치도,제주시,33.48582879,126.7036729
카페무로,카페,제주특별자치도,제주시,33.52873509,126.5896316
공차이마트신제주점,카페,제주특별자치도,제주시,33.48496773,126.480434
드릴러스커피,카페,제주특별자치도,제주시,33.47972174,126.4514376
서은이네,카페,제주특별자치도,서귀포시,33.30997942,126.8047144
카페봄봄,카페,제주특별자치도,서귀포시,33.27956333,126.7180582
플로베일배움터,카페,제주특별자치도,제주시,33.49220844,126.4893327
제주의별,카페,제주특별자치도,제주시,33.51560848,126.5149522
루마인;퍼즈;투썸플레이스제주루마인점,카페,제주특별자치도,제주시,33.4841963,126.9013228
봄봄,카페,제주특별자치도,제주시,33.45054026,126.5583363
카페두가시,카페,제주특별자치도,서귀포시,33.23549681,126.3666322
몽티죠,카페,제주특별자치도,제주시,33.51455896,126.5327605
갈매기팸,카페,제주특별자치도,제주시,33.52473836,126.8606293
제주명월역,카페,제주특별자치도,제주시,33.39165499,126.2620849
디저트팩토리제주쇠소깍점,카페,제주특별자치도,서귀포시,33.25685593,126.6213959
템플라도,카페,제주특별자치도,제주시,33.33918994,126.1965
투썸플레이스신화빌라스점,카페,제주특별자치도,서귀포시,33.30137939,126.3175289
제주빽다방,카페,제주특별자치도,제주시,33.48995863,126.5411028
동문카페,카페,제주특별자치도,제주시,33.51594309,126.524519
에프터글로우,카페,제주특별자치도,제주시,33.48866367,126.5493841
키즈몬,카페,제주특별자치도,서귀포시,33.32710965,126.8286701
예랑커피하우스,카페,제주특별자치도,제주시,33.54058287,126.6453788
플리,카페,제주특별자치도,서귀포시,33.24687217,126.5526999
래빗,카페,제주특별자치도,제주시,33.48883953,126.5217297
미니핏다이어트,카페,제주특별자치도,제주시,33.53372053,126.6206241
진가커피,카페,제주특별자치도,제주시,33.4895626,126.4861417
컴포즈커피서귀포서광점,카페,제주특별자치도,서귀포시,33.28913445,126.3222727
당당,카페,제주특별자치도,제주시,33.4744434,126.3708807
에이바우트커피뷰강정점,카페,제주특별자치도,서귀포시,33.23688274,126.4984934
오하효,카페,제주특별자치도,서귀포시,33.25916199,126.6177585
모나미카페,카페,제주특별자치도,제주시,33.48411356,126.4831505
디원나인세븐D197,카페,제주특별자치도,제주시,33.50161724,126.4628468
누베커피,카페,제주특별자치도,제주시,33.47165154,126.5471807
세탁쏘,카페,제주특별자치도,제주시,33.50127123,126.521403
야야,카페,제주특별자치도,제주시,33.54398706,126.6734884
아름디,카페,제주특별자치도,제주시,33.49113013,126.52657
에이바우트커피남녕고점,카페,제주특별자치도,제주시,33.49002945,126.4813399
슈가바당,카페,제주특별자치도,제주시,33.53454967,126.8398461
카페하귀리,카페,제주특별자치도,제주시,33.48032299,126.3983704
서서히,카페,제주특별자치도,제주시,33.50469224,126.5390986
규와이너리,카페,제주특별자치도,제주시,33.55269987,126.7150421
곳남모을카페,카페,제주특별자치도,제주시,33.48180444,126.559953
만호다방,카페,제주특별자치도,서귀포시,33.24867498,126.5627131
더리트리브,카페,제주특별자치도,서귀포시,33.24792832,126.3385684
준스팜스토리,카페,제주특별자치도,서귀포시,33.27999973,126.3187151
마타하리,카페,제주특별자치도,서귀포시,33.2571961,126.617649
우미지베이커리,카페,제주특별자치도,제주시,33.52439257,126.5824829
알앤에이치,카페,제주특별자치도,제주시,33.47964742,126.473806
가비오타카페,카페,제주특별자치도,제주시,33.50941327,126.9001857
그초록,카페,제주특별자치도,제주시,33.55637462,126.8064016
뷰크레스트,카페,제주특별자치도,서귀포시,33.24129302,126.5360007
더벤티제주대학교점,카페,제주특별자치도,제주시,33.45723319,126.5642936
몬스터커피제주,카페,제주특별자치도,제주시,33.48453019,126.4792961
흐림,카페,제주특별자치도,제주시,33.51091489,126.7014133
샨티,카페,제주특별자치도,서귀포시,33.25368301,126.4242344
바당꽃,카페,제주특별자치도,서귀포시,33.27956683,126.7236294
카페글렌코,카페,제주특별자치도,제주시,33.43367491,126.7332394
델문도로스터스,카페,제주특별자치도,제주시,33.49180545,126.5263404
꼼비노,카페,제주특별자치도,서귀포시,33.22050202,126.251232
감성커피삼화점,카페,제주특별자치도,제주시,33.52157214,126.5856288
카페꼼,카페,제주특별자치도,제주시,33.47518041,126.5481737
석류다방,카페,제주특별자치도,제주시,33.51202968,126.5314826
까치상사,카페,제주특별자치도,제주시,33.50421097,126.5168991
봄봄하귀점,카페,제주특별자치도,제주시,33.48110976,126.4044654
오늘은녹차,카페,제주특별자치도,서귀포시,33.38184376,126.7910771
슬랩,카페,제주특별자치도,제주시,33.39484962,126.2416469
롱리브,카페,제주특별자치도,제주시,33.47658954,126.5415283
혼디인2714,카페,제주특별자치도,제주시,33.32446088,126.2153007
블리스풀,카페,제주특별자치도,제주시,33.40518189,126.4072522
바다가는길,카페,제주특별자치도,서귀포시,33.23920172,126.5584256
카페109,카페,제주특별자치도,제주시,33.48979198,126.4741965
코멧1987,카페,제주특별자치도,제주시,33.49908113,126.5310358
사계리어촌계커피스케치,카페,제주특별자치도,서귀포시,33.2333745,126.3132942
곰순이,카페,제주특별자치도,제주시,33.4130529,126.2611085
글뤽,카페,제주특별자치도,제주시,33.52150356,126.8469961
소소한담,카페,제주특별자치도,제주시,33.47151996,126.3668892
둥지전통찻집,카페,제주특별자치도,제주시,33.53684929,126.6711574
카페술도가제주바당,카페,제주특별자치도,제주시,33.53724271,126.8245208
공간,카페,제주특별자치도,서귀포시,33.2372942,126.4801227
옐로우사이공,카페,제주특별자치도,제주시,33.45689102,126.4078041
매일차차,카페,제주특별자치도,서귀포시,33.27517784,126.2775031
우포토시네마,카페,제주특별자치도,서귀포시,33.22530499,126.26592
뷔쏭,카페,제주특별자치도,서귀포시,33.25546535,126.5760507
하루필름애월점,카페,제주특별자치도,제주시,33.48117664,126.3741243
아토네정원,카페,제주특별자치도,서귀포시,33.24675852,126.5174727
거목,카페,제주특별자치도,제주시,33.41476409,126.2638354
더치박스,카페,제주특별자치도,제주시,33.48957602,126.4742947
큐티파이,카페,제주특별자치도,제주시,33.47787655,126.3687365
하이엔드제주,카페,제주특별자치도,제주시,33.46358421,126.3091502
비건테이블바람,카페,제주특별자치도,제주시,33.44231533,126.3287625
엠커피로스터스,카페,제주특별자치도,제주시,33.4608903,126.5607794
낭,카페,제주특별자치도,제주시,33.48455394,126.4313622
아꼬아,카페,제주특별자치도,서귀포시,33.24536292,126.5695862
헬로우도,카페,제주특별자치도,제주시,33.50001912,126.9441363
두멩이카페,카페,제주특별자치도,제주시,33.51321744,126.5332521
화후,카페,제주특별자치도,제주시,33.46510621,126.5139213
작은살레,카페,제주특별자치도,제주시,33.43700305,126.6803527
팩토리소란,카페,제주특별자치도,제주시,33.45582749,126.549382
커피템플,카페,제주특별자치도,제주시,33.47816205,126.5702461
꽃길,카페,제주특별자치도,제주시,33.5036169,126.5217991
카페봄봄,카페,제주특별자치도,서귀포시,33.2581035,126.5723569
커피산책,카페,제주특별자치도,제주시,33.46201852,126.4402438
돌고래전망카페,카페,제주특별자치도,서귀포시,33.27073225,126.1759299
레인보울45도,카페,제주특별자치도,제주시,33.50934664,126.5091537
오늘도화창,카페,제주특별자치도,제주시,33.55514808,126.7949682
마마미니,카페,제주특별자치도,제주시,33.48450832,126.6982223
러스티아일랜드,카페,제주특별자치도,제주시,33.52845549,126.6450408
넙빌레스토리,카페,제주특별자치도,서귀포시,33.26921584,126.6485404
우도클라쓰,카페,제주특별자치도,제주시,33.50829577,126.9439695
물고기,카페,제주특별자치도,서귀포시,33.234326,126.3651171
컴포즈커피제주제원점,카페,제주특별자치도,제주시,33.4885025,126.4892361
에이바우트커피,카페,제주특별자치도,제주시,33.48935008,126.4762974
레이지피크닉,카페,제주특별자치도,제주시,33.51422893,126.5265734
스테이위드커피,카페,제주특별자치도,제주시,33.45825573,126.4557355
사우스쇼어,카페,제주특별자치도,서귀포시,33.24294741,126.4548526
대학나무,카페,제주특별자치도,제주시,33.51994331,126.4964247
크로쿠,카페,제주특별자치도,제주시,33.51208951,126.5282426
평대랑그네랑,카페,제주특별자치도,제주시,33.53665807,126.8388087
알,카페,제주특별자치도,제주시,33.49942748,126.5179157
제주901,카페,제주특별자치도,제주시,33.45301223,126.4862068
카일루아,카페,제주특별자치도,서귀포시,33.24582005,126.4602428
파스쿠찌제주한라대점,카페,제주특별자치도,제주시,33.48028987,126.4722312
마피스,카페,제주특별자치도,제주시,33.55063035,126.6530691
카페드콜리,카페,제주특별자치도,제주시,33.46428902,126.521714
블로비노형,카페,제주특별자치도,제주시,33.46690191,126.4787884
제주몹시,카페,제주특별자치도,제주시,33.49454467,126.4335781
카페라,카페,제주특별자치도,제주시,33.49968677,126.5290739
과일박스,카페,제주특별자치도,제주시,33.51173857,126.5260596
포빈즈,카페,제주특별자치도,제주시,33.4987893,126.656526
땡큐베리,카페,제주특별자치도,서귀포시,33.24113898,126.565755
씨앤아이,카페,제주특별자치도,서귀포시,33.32565641,126.8341182
땡큐브레드앤슾,카페,제주특별자치도,서귀포시,33.28373225,126.7276634
비브레이브,카페,제주특별자치도,서귀포시,33.25492099,126.518179
자구리몬들락,카페,제주특별자치도,서귀포시,33.24221509,126.5666617
곰다방,카페,제주특별자치도,서귀포시,33.32641115,126.832162
솜뿡,카페,제주특별자치도,서귀포시,33.23436671,126.5119725
몽그레,카페,제주특별자치도,제주시,33.55957112,126.7926963
에릭스에스프레소,카페,제주특별자치도,제주시,33.52141848,126.8588693
구면카페,카페,제주특별자치도,서귀포시,33.35152291,126.7661713
일출봉아로니아,카페,제주특별자치도,서귀포시,33.44460564,126.9000664
카페봄봄김녕점,카페,제주특별자치도,제주시,33.55599038,126.7526458
삼돌이농원감귤주스,카페,제주특별자치도,서귀포시,33.25056154,126.5633261
봄봄제원점,카페,제주특별자치도,제주시,33.48623073,126.4914875
어클락,카페,제주특별자치도,제주시,33.4628451,126.4180794
빌레하임,카페,제주특별자치도,제주시,33.31729652,126.25992
더벌브,카페,제주특별자치도,제주시,33.50914226,126.5191103
카페씨닉,카페,제주특별자치도,제주시,33.55928254,126.7926539
카페봉개,카페,제주특별자치도,제주시,33.48806278,126.5974524
베네토,카페,제주특별자치도,제주시,33.49178422,126.4958238
밭디,카페,제주특별자치도,서귀포시,33.40790337,126.7722125
레몬뮤지엄,카페,제주특별자치도,서귀포시,33.29886099,126.6178539
공차제주,카페,제주특별자치도,제주시,33.51610012,126.5254976
봉그레,카페,제주특별자치도,제주시,33.4630376,126.5292507
벼레별씨,카페,제주특별자치도,서귀포시,33.22671165,126.2987672
서사로21길,카페,제주특별자치도,제주시,33.49867366,126.5211483
컴포즈커피제주,카페,제주특별자치도,제주시,33.48135368,126.4829087
쉬리니케이크,카페,제주특별자치도,제주시,33.43848048,126.3281898
요람,카페,제주특별자치도,서귀포시,33.25324406,126.5830796
바이더씨,카페,제주특별자치도,서귀포시,33.39895146,126.9046548
빽다방제주제원점,카페,제주특별자치도,제주시,33.48719743,126.4897818
알포인트커피,카페,제주특별자치도,제주시,33.43482988,126.3233682
팀블로우,카페,제주특별자치도,제주시,33.46087918,126.3107206
먹쿠슬낭,카페,제주특별자치도,제주시,33.49805017,126.5070007
정원이있는마네,카페,제주특별자치도,서귀포시,33.22592159,126.2993636
월정무인카페,카페,제주특별자치도,제주시,33.55577138,126.801234
이호캔들어바웃제주,카페,제주특별자치도,제주시,33.50271811,126.4568565
팥,카페,제주특별자치도,제주시,33.44189206,126.2963204
카페캄,카페,제주특별자치도,서귀포시,33.24634352,126.5612225
루씨쏜갤러리스튜디오,카페,제주특별자치도,서귀포시,33.24128534,126.5930399
숨비아일랜드,카페,제주특별자치도,서귀포시,33.33918044,126.855458
아리수다방,카페,제주특별자치도,서귀포시,33.2242407,126.25223
겔러리앤감자,카페,제주특별자치도,서귀포시,33.25171649,126.3405251
자상한하루,카페,제주특별자치도,서귀포시,33.3067442,126.7688787
리코마망,카페,제주특별자치도,제주시,33.48301998,126.4697185
공육사노트,카페,제주특별자치도,제주시,33.41133266,126.2598975
메가엠지씨커피제주연동점,카페,제주특별자치도,제주시,33.47871352,126.4876152
만나요만나,카페,제주특별자치도,제주시,33.54030555,126.6689587
인더그린,카페,제주특별자치도,제주시,33.47294486,126.4858095
가배두커피,카페,제주특별자치도,제주시,33.48956134,126.5242113
제주여기쯤,카페,제주특별자치도,제주시,33.47282338,126.7845762
모모제이,카페,제주특별자치도,제주시,33.47612009,126.5487283
인디고,카페,제주특별자치도,제주시,33.46639837,126.3340846
서광마을기업웨스트힐라운지,카페,제주특별자치도,서귀포시,33.3001285,126.3196001
스타다방,카페,제주특별자치도,서귀포시,33.22239305,126.2553459
젤마씨,카페,제주특별자치도,제주시,33.48759895,126.4673557
메가엠지씨커피제주표선점,카페,제주특별자치도,서귀포시,33.32624113,126.8331182
보호,카페,제주특별자치도,제주시,33.40708986,126.2529891
에이바우트커피삼무공원점,카페,제주특별자치도,제주시,33.49037149,126.4898923
로바인,카페,제주특별자치도,제주시,33.53020414,126.5921976
카페이에르바,카페,제주특별자치도,제주시,33.52753918,126.6188533
호텔리어스커피,카페,제주특별자치도,서귀포시,33.25585111,126.4154741
제주의온도,카페,제주특별자치도,제주시,33.429794,126.4088269
표선모르,카페,제주특별자치도,서귀포시,33.32486079,126.8324872
메가엠지씨커피제주아라점,카페,제주특별자치도,제주시,33.47331281,126.545354
커피밸런스,카페,제주특별자치도,제주시,33.45140598,126.5764765
카페50번길,카페,제주특별자치도,서귀포시,33.26824323,126.5900277
수까페테라스,카페,제주특별자치도,제주시,33.42000578,126.2689949
오젠,카페,제주특별자치도,서귀포시,33.21358701,126.2929082
아라아라,카페,제주특별자치도,제주시,33.47157007,126.5520545
모들모들,카페,제주특별자치도,제주시,33.51974572,126.5840768
가비,카페,제주특별자치도,제주시,33.51121186,126.5393977
카페루시아,카페,제주특별자치도,서귀포시,33.23497681,126.3636748
메가엠지씨커피제주,카페,제주특별자치도,서귀포시,33.27846132,126.7171708
양군의케익한접시,카페,제주특별자치도,제주시,33.5210077,126.5813259
작가의집BYTALKINCOFFEE토크인커피,카페,제주특별자치도,서귀포시,33.23832377,126.2875377
무운,카페,제주특별자치도,서귀포시,33.24764674,126.2844469
와플반트,카페,제주특별자치도,제주시,33.50197589,126.5432778
애월기록,카페,제주특별자치도,제주시,33.47836168,126.3918319
커피주의보,카페,제주특별자치도,제주시,33.49276007,126.5379997
돌담너머당근,카페,제주특별자치도,제주시,33.53647704,126.8382707
홉히,카페,제주특별자치도,서귀포시,33.23653598,126.5087524
커피존코-챠스키,카페,제주특별자치도,제주시,33.4890576,126.5340058
와이에스와이에스,카페,제주특별자치도,서귀포시,33.25246965,126.5753784
굴무기낭,카페,제주특별자치도,제주시,33.43311456,126.3279193
카페결,카페,제주특별자치도,제주시,33.51267361,126.9566135
곶자왈카페,카페,제주특별자치도,서귀포시,33.28516022,126.3530804
인스밀,카페,제주특별자치도,서귀포시,33.23848105,126.2292343
블리오,카페,제주특별자치도,제주시,33.49969313,126.5283744
가보카,카페,제주특별자치도,제주시,33.31731048,126.2653108
헛간;더반스위트,카페,제주특별자치도,제주시,33.48420112,126.7462006
김녕어촌계해녀삼춘,카페,제주특별자치도,제주시,33.55818326,126.740417
로드33,카페,제주특별자치도,제주시,33.48662438,126.4973708
카페토르토니,카페,제주특별자치도,제주시,33.47492948,126.5436672
커피스탬프,카페,제주특별자치도,제주시,33.48773668,126.540017
베라벨거,카페,제주특별자치도,서귀포시,33.25088872,126.5615002
제주트립티,카페,제주특별자치도,제주시,33.46468205,126.5138161
고찌가게,카페,제주특별자치도,제주시,33.49814172,126.5353561
레몬일레븐,카페,제주특별자치도,서귀포시,33.30787578,126.7762849
여우별,카페,제주특별자치도,제주시,33.50104973,126.5200806
카페클라츠,카페,제주특별자치도,제주시,33.49122936,126.5385351
동명정류장,카페,제주특별자치도,제주시,33.39713419,126.2662306
낭낭,카페,제주특별자치도,서귀포시,33.2654192,126.3038028
핑크헨젤,카페,제주특별자치도,제주시,33.46283857,126.3096294
나인브로스커피,카페,제주특별자치도,서귀포시,33.26627498,126.2599643
다인,카페,제주특별자치도,제주시,33.51173602,126.5183856
마로니에미니골프카페,카페,제주특별자치도,서귀포시,33.29614267,126.6252846
아방의차,카페,제주특별자치도,제주시,33.48446271,126.7462644
개인주의자,카페,제주특별자치도,제주시,33.52676568,126.8858053
코데인커피로스터스디벨로퍼,카페,제주특별자치도,서귀포시,33.23508262,126.2962757
오라단비네커피,카페,제주특별자치도,제주시,33.49434846,126.5148232
한스,카페,제주특별자치도,제주시,33.508385,126.4704894
발리휴게실,카페,제주특별자치도,제주시,33.38939,126.2497228
드라이어드,카페,제주특별자치도,제주시,33.45723982,126.7723633
토토네,카페,제주특별자치도,제주시,33.48937103,126.4106928
라쁠라주,카페,제주특별자치도,제주시,33.51980925,126.4944987
마마롱,카페,제주특별자치도,제주시,33.45215027,126.4391779
벨진밧,카페,제주특별자치도,서귀포시,33.27027384,126.2791856
카페베네이도일동점,카페,제주특별자치도,제주시,33.5064892,126.5255071
커피곰여행자,카페,제주특별자치도,제주시,33.51844197,126.8837173
레아드레스앤카페,카페,제주특별자치도,제주시,33.47439606,126.4835524
귤한편,카페,제주특별자치도,서귀포시,33.2862203,126.5923484
오스모시스,카페,제주특별자치도,제주시,33.54074061,126.8307799
문부로25,카페,제주특별자치도,서귀포시,33.25221909,126.5706794
김녕떠오르길,카페,제주특별자치도,제주시,33.55784544,126.7470838
플랜타,카페,제주특별자치도,제주시,33.50047322,126.5465465
미띠뽀티하우스,카페,제주특별자치도,서귀포시,33.25020737,126.5094378
에곤,카페,제주특별자치도,서귀포시,33.43991251,126.9182034
라조컴컴제주점,카페,제주특별자치도,제주시,33.40138013,126.2510494
이미경;신설동커피,카페,제주특별자치도,제주시,33.49626472,126.5495492
선셋커피스탠드,카페,제주특별자치도,제주시,33.51683367,126.5170119
더핍스시즌,카페,제주특별자치도,제주시,33.3480885,126.3575248
달에사는고래,카페,제주특별자치도,제주시,33.43519874,126.4270065
스마일러,카페,제주특별자치도,제주시,33.46994816,126.4158481
연주다방,카페,제주특별자치도,제주시,33.50146865,126.5142132
단정한까페,카페,제주특별자치도,제주시,33.49681116,126.5291971
컴포즈커피제주아라점,카페,제주특별자치도,제주시,33.47598014,126.5449742
아마니타,카페,제주특별자치도,서귀포시,33.32693337,126.831624
여누카페,카페,제주특별자치도,제주시,33.43220712,126.673671
조금만천천히,카페,제주특별자치도,제주시,33.53543971,126.6346662
카페희상,카페,제주특별자치도,서귀포시,33.32994456,126.8382237
주파수,카페,제주특별자치도,제주시,33.49747754,126.536156
밀팟제주,카페,제주특별자치도,제주시,33.4841641,126.5298035
파랑카페,카페,제주특별자치도,제주시,33.42311002,126.4043994
카페아오오,카페,제주특별자치도,서귀포시,33.37908537,126.879959
블루샥제주,카페,제주특별자치도,제주시,33.49204828,126.5357115
돌이삼구,카페,제주특별자치도,서귀포시,33.32525717,126.8322394
위드유,카페,제주특별자치도,제주시,33.47263364,126.4868549
하를,카페,제주특별자치도,서귀포시,33.26633398,126.5989986
바람의향기가전해주는하루는..,카페,제주특별자치도,제주시,33.51208981,126.5306965
클레망스,카페,제주특별자치도,제주시,33.48794558,126.5380037
커뮤니티라운지,카페,제주특별자치도,제주시,33.51280204,126.5283141
에이바우트커피삼화점,카페,제주특별자치도,제주시,33.51541531,126.5726667
더벤티커피고성교차로점,카페,제주특별자치도,서귀포시,33.44710404,126.9132923
카페서연의집,카페,제주특별자치도,서귀포시,33.26943387,126.6555698
엠소마앤엠단테성산점,카페,제주특별자치도,서귀포시,33.46029584,126.9294465
카페단단,카페,제주특별자치도,제주시,33.51258704,126.5216206
Cafe오름Jeju,카페,제주특별자치도,서귀포시,33.3723336,126.855833
깅코,카페,제주특별자치도,제주시,33.49083503,126.4886091
더벤티제주외도점,카페,제주특별자치도,제주시,33.49123045,126.4304362
카페인,카페,제주특별자치도,서귀포시,33.32712847,126.8359305
개스토랑,카페,제주특별자치도,제주시,33.49844318,126.5129064
꽃썸,카페,제주특별자치도,서귀포시,33.30973327,126.3401531
베메로,카페,제주특별자치도,서귀포시,33.24969259,126.4115555
공차제주아라점,카페,제주특별자치도,제주시,33.47305119,126.5453123
메가엠지씨커피제주,카페,제주특별자치도,제주시,33.49160934,126.5929381
더콘월티룸,카페,제주특별자치도,서귀포시,33.25911063,126.2789661
모슬포3호텔커피숍,카페,제주특별자치도,서귀포시,33.21773889,126.2505369
카페베네제주점,카페,제주특별자치도,제주시,33.48244013,126.481837
망고홀릭,카페,제주특별자치도,제주시,33.49441249,126.902581
현애원/카페이스틀리,카페,제주특별자치도,서귀포시,33.45607156,126.9084
그리트커피,카페,제주특별자치도,제주시,33.47518432,126.5492495
토르토니,카페,제주특별자치도,서귀포시,33.25190553,126.5609264
러움,카페,제주특별자치도,제주시,33.51590767,126.9494863
로빙화,카페,제주특별자치도,서귀포시,33.27512507,126.7092599
파생,카페,제주특별자치도,제주시,33.50763691,126.5357359
공차제주,카페,제주특별자치도,제주시,33.49806827,126.5302234
수망일기,카페,제주특별자치도,서귀포시,33.33037437,126.7120625
60빈스,카페,제주특별자치도,서귀포시,33.24155689,126.5366431
하도미술관,카페,제주특별자치도,제주시,33.51020631,126.8891528
우디글레이드,카페,제주특별자치도,서귀포시,33.242717,126.5632256
한남307,카페,제주특별자치도,서귀포시,33.31403335,126.6991439
무인카페서반,카페,제주특별자치도,제주시,33.51238155,126.5387565
아임마운틴,카페,제주특별자치도,서귀포시,33.41892201,126.8424671
애월파라다이스리조트;카페호나,카페,제주특별자치도,제주시,33.43488227,126.3964045
가는곶세화,카페,제주특별자치도,제주시,33.5205009,126.8606792
어린왕자감귤밭,카페,제주특별자치도,서귀포시,33.25330277,126.2818253
크래커스,카페,제주특별자치도,서귀포시,33.26328937,126.2797045
에이바우트커피도련점,카페,제주특별자치도,제주시,33.51613038,126.581414
디저트39제주연동,카페,제주특별자치도,제주시,33.47992251,126.4900073
달보드레2,카페,제주특별자치도,제주시,33.50989441,126.5614468
서광리일이삼카페,카페,제주특별자치도,서귀포시,33.28590339,126.3333332
꼬엥,카페,제주특별자치도,제주시,33.51199169,126.5238841
희망써니트농장,카페,제주특별자치도,제주시,33.49480589,126.5475553
스테이위드커피,카페,제주특별자치도,서귀포시,33.22780083,126.3032643
구닮,카페,제주특별자치도,서귀포시,33.23643678,126.3127123
카페인섭지코지,카페,제주특별자치도,서귀포시,33.43702103,126.9224001
툇마루커피,카페,제주특별자치도,서귀포시,33.38738702,126.8010162
에피소드,카페,제주특별자치도,제주시,33.48541642,126.4133019
이큐티,카페,제주특별자치도,제주시,33.47238696,126.5485862
오크라,카페,제주특별자치도,서귀포시,33.36421757,126.8201841
블루하우스호텔케니,카페,제주특별자치도,서귀포시,33.22622505,126.2523633
스노우빈,카페,제주특별자치도,제주시,33.43227606,126.6793592
카페로드,카페,제주특별자치도,제주시,33.48746515,126.4847553
델문도인김녕,카페,제주특별자치도,제주시,33.5634049,126.768402
메가엠지씨커피516도로점,카페,제주특별자치도,서귀포시,33.27001413,126.5857047
델문도제주도립미술관점,카페,제주특별자치도,제주시,33.45254879,126.4896944
그대가사는시간,카페,제주특별자치도,서귀포시,33.24788023,126.5833411
고토,카페,제주특별자치도,제주시,33.48099425,126.3808931
재클린디저트모슬포점,카페,제주특별자치도,서귀포시,33.21814442,126.252003
스테이굿무드,카페,제주특별자치도,제주시,33.50641574,126.5135398
잔디공장,카페,제주특별자치도,서귀포시,33.37742877,126.8732877
보롬왓,카페,제주특별자치도,서귀포시,33.41349167,126.7524915
업소명없음,카페,제주특별자치도,제주시,33.51307816,126.5227265
이매커피,카페,제주특별자치도,서귀포시,33.25462892,126.508061
허커피로스터스,카페,제주특별자치도,제주시,33.483453,126.4740089
어보브앤비욘드,카페,제주특별자치도,제주시,33.46180772,126.3107025
카페귤한가,카페,제주특별자치도,제주시,33.38827821,126.2627905
빌레못,카페,제주특별자치도,제주시,33.44237393,126.3246109
빽다방신,카페,제주특별자치도,서귀포시,33.25471777,126.5077278
앙데팡당,카페,제주특별자치도,제주시,33.47362452,126.3536629
에스피피,카페,제주특별자치도,서귀포시,33.43524459,126.9219715
동백정원,카페,제주특별자치도,서귀포시,33.24963604,126.4463661
딕시,카페,제주특별자치도,서귀포시,33.25493151,126.5702476
까사돌,카페,제주특별자치도,제주시,33.51184694,126.5237557
컴포즈커피제주삼화점,카페,제주특별자치도,제주시,33.51443308,126.5754377
소,카페,제주특별자치도,제주시,33.49354261,126.9596576
여러분,카페,제주특별자치도,제주시,33.4173038,126.2648891
파이굽는돌담집,카페,제주특별자치도,제주시,33.47225782,126.5404323
맘앤맘스,카페,제주특별자치도,제주시,33.41133792,126.2622948
커피를부탁해,카페,제주특별자치도,제주시,33.54111035,126.6698493
뷰스트,카페,제주특별자치도,서귀포시,33.22777498,126.303479
모레기동타잔,카페,제주특별자치도,서귀포시,33.29165501,126.5917112
서귀피안,카페,제주특별자치도,서귀포시,33.24842503,126.5288379
에이바우트,카페,제주특별자치도,제주시,33.45213771,126.5716436
다다,카페,제주특별자치도,제주시,33.49334507,126.5425806
쿠주제주오름,카페,제주특별자치도,제주시,33.4983606,126.5288551
해난디아장,카페,제주특별자치도,제주시,33.55646228,126.8048076
카페봄봄성산점,카페,제주특별자치도,서귀포시,33.45145762,126.9115778
컴플리트커피,카페,제주특별자치도,제주시,33.48062164,126.4781898
차달임,카페,제주특별자치도,제주시,33.47913995,126.454443
고려다방,카페,제주특별자치도,서귀포시,33.24911125,126.5662843
할리스커피협재해수욕장점,카페,제주특별자치도,제주시,33.39295672,126.2402446
제주아모제,카페,제주특별자치도,서귀포시,33.233441,126.5127286
줄라이앤어거스트,카페,제주특별자치도,제주시,33.32777294,126.220104
게우지코지인갤러리,카페,제주특별자치도,서귀포시,33.24403501,126.6185433
에이바우트커피뷰하귀포구점,카페,제주특별자치도,제주시,33.48645693,126.4083884
까페뚜이,카페,제주특별자치도,제주시,33.39883423,126.2445359
팔공티,카페,제주특별자치도,제주시,33.47871286,126.4874538
LA만화,카페,제주특별자치도,서귀포시,33.25229787,126.5571471
셀라돈,카페,제주특별자치도,서귀포시,33.24358601,126.5642085
해비치불턱,카페,제주특별자치도,서귀포시,33.31249679,126.837268
무인카페등대,카페,제주특별자치도,서귀포시,33.27796387,126.7204678
카페물썹,카페,제주특별자치도,서귀포시,33.35230955,126.8647401
볼수록제주,카페,제주특별자치도,제주시,33.46830679,126.3932253
월림공간올드보이,카페,제주특별자치도,제주시,33.34227484,126.2682056
더벤티제주삼화점,카페,제주특별자치도,제주시,33.51676671,126.5802915
에어그라운드,카페,제주특별자치도,서귀포시,33.2820501,126.7465618
조식,카페,제주특별자치도,제주시,33.41053109,126.333189
워터라이프,카페,제주특별자치도,서귀포시,33.24962589,126.5152035
말랑제주,카페,제주특별자치도,서귀포시,33.25610544,126.5237207
바다의별,카페,제주특별자치도,제주시,33.55351926,126.7068663
더리터제주;온다제주,카페,제주특별자치도,제주시,33.50820226,126.5326333
협동조합꿈꾸는문화놀이터뜻제주지부,카페,제주특별자치도,제주시,33.55595777,126.7939218
너와의첫여행,카페,제주특별자치도,제주시,33.45061986,126.3845399
남쪽바람,카페,제주특별자치도,서귀포시,33.28714621,126.7261927
카페쏘해피,카페,제주특별자치도,제주시,33.50296193,126.5179715
써니봉,카페,제주특별자치도,제주시,33.49064345,126.5925768
커피볶는집오즈비,카페,제주특별자치도,서귀포시,33.24898537,126.5082214
다니쉬,카페,제주특별자치도,제주시,33.54213059,126.6636868
토끼썸,카페,제주특별자치도,제주시,33.52193522,126.8985997
닻별,카페,제주특별자치도,제주시,33.38923931,126.2324527
나무아래,카페,제주특별자치도,서귀포시,33.46757499,126.9352498
세븐카페,카페,제주특별자치도,서귀포시,33.20683316,126.2896162
해안골프클럽카페,카페,제주특별자치도,제주시,33.46083625,126.456182
카페도도다,카페,제주특별자치도,제주시,33.53574508,126.6595666
호끌랑,카페,제주특별자치도,서귀포시,33.25627516,126.5574597
텐저린,카페,제주특별자치도,서귀포시,33.23628336,126.5087109
무무,카페,제주특별자치도,제주시,33.45809469,126.7109849
화신다발,카페,제주특별자치도,서귀포시,33.24683954,126.3355936
라라라카페,카페,제주특별자치도,제주시,33.49544121,126.5317011
제주설심당모슬포점,카페,제주특별자치도,서귀포시,33.22087757,126.2507139
경보,카페,제주특별자치도,제주시,33.46982378,126.5144866
하도1940,카페,제주특별자치도,제주시,33.52764616,126.8824992
맨날맨날모드락,카페,제주특별자치도,서귀포시,33.23489685,126.3656709
노기다길직업재활센터,카페,제주특별자치도,제주시,33.47510212,126.5155115
고궁,카페,제주특별자치도,제주시,33.50116654,126.529378
늘봄커피편의점,카페,제주특별자치도,제주시,33.47947201,126.4728387
비아제주,카페,제주특별자치도,제주시,33.49270902,126.4948823
더밴티서귀포광진빌점,카페,제주특별자치도,서귀포시,33.26428196,126.555026
그루,카페,제주특별자치도,제주시,33.43572946,126.5540024
수애기베이커리,카페,제주특별자치도,서귀포시,33.22221759,126.2441911
카페봄봄세화점,카페,제주특별자치도,제주시,33.52453193,126.8536218
하논무인카페,카페,제주특별자치도,서귀포시,33.24422247,126.5631538
디티이커피,카페,제주특별자치도,제주시,33.50450487,126.5372055
달달한구,카페,제주특별자치도,서귀포시,33.24257972,126.5626469
아일랜드팩토리풍류,카페,제주특별자치도,제주시,33.51051109,126.5233648
엔제리너스제주,카페,제주특별자치도,제주시,33.49552552,126.53254
카페까르네,카페,제주특별자치도,제주시,33.51590192,126.868178
장제현커피,카페,제주특별자치도,서귀포시,33.24986548,126.4080883
로비나발리,카페,제주특별자치도,제주시,33.44435216,126.2850729
더3스페이스,카페,제주특별자치도,제주시,33.39940803,126.3806661
양지다방,카페,제주특별자치도,서귀포시,33.22144179,126.2530798
로우하이,카페,제주특별자치도,제주시,33.46335941,126.3390237
카페조아,카페,제주특별자치도,제주시,33.48975365,126.5020227
오마이살롱,카페,제주특별자치도,서귀포시,33.2565546,126.306717
쿠마리카페,카페,제주특별자치도,서귀포시,33.24158792,126.3331226
해브어싯,카페,제주특별자치도,서귀포시,33.2577315,126.5245382
FunFun도채비휴게소,카페,제주특별자치도,제주시,33.4514304,126.48741
토투가,카페,제주특별자치도,제주시,33.44283845,126.2899463
카치토,카페,제주특별자치도,제주시,33.47407159,126.4835759
투썸플레이스서귀포,카페,제주특별자치도,서귀포시,33.25181638,126.5104805
혜안,카페,제주특별자치도,제주시,33.45040123,126.4533216
무인카페솔정,카페,제주특별자치도,제주시,33.53360156,126.838739
김녕에사는김영훈,카페,제주특별자치도,제주시,33.55426459,126.7463405
이반다방,카페,제주특별자치도,서귀포시,33.22075782,126.2532894
대정로스터리카페,카페,제주특별자치도,서귀포시,33.24661296,126.2834145
오델로,카페,제주특별자치도,서귀포시,33.27917519,126.7178662
제주공간,카페,제주특별자치도,제주시,33.485748,126.4837648
카페봄봄용담점,카페,제주특별자치도,제주시,33.51258464,126.5094799
전농로일공일,카페,제주특별자치도,제주시,33.50450959,126.5241726
키친테왁,카페,제주특별자치도,제주시,33.50780145,126.5460777
용담마을협동조합,카페,제주특별자치도,제주시,33.51069499,126.5173043
오라디오라,카페,제주특별자치도,서귀포시,33.23505012,126.3081635
제주아이푸드,카페,제주특별자치도,제주시,33.51173857,126.5260596
도린곁,카페,제주특별자치도,제주시,33.47354277,126.5019648
칼디의선물,카페,제주특별자치도,제주시,33.50013625,126.5010916
등머울카페,카페,제주특별자치도,제주시,33.51479579,126.9677849
봉자커피,카페,제주특별자치도,제주시,33.48800243,126.5983027
제주삼화백다방,카페,제주특별자치도,제주시,33.51728734,126.5876621
망고레이천지연폭포점,카페,제주특별자치도,서귀포시,33.24337171,126.5596815
아이엠셀럽커피,카페,제주특별자치도,제주시,33.38909188,126.2261344
위드비키,카페,제주특별자치도,제주시,33.49586641,126.4407255
띠아모북,카페,제주특별자치도,제주시,33.48883778,126.4766771
신제주빠빠라기,카페,제주특별자치도,제주시,33.48801097,126.4902935
마노르블랑,카페,제주특별자치도,서귀포시,33.25482964,126.29498
비치스브류,카페,제주특별자치도,제주시,33.54393129,126.6728533
월정리카페스쿠버스,카페,제주특별자치도,제주시,33.55247475,126.7922071
에바,카페,제주특별자치도,제주시,33.49072667,126.4306762
코코메아,카페,제주특별자치도,제주시,33.35969502,126.2025431
에이바우트커피연북로점,카페,제주특별자치도,제주시,33.48209483,126.4987204
베이크띵스베럴,카페,제주특별자치도,제주시,33.49122936,126.5385351
아이갓에브리씽,카페,제주특별자치도,제주시,33.48821263,126.4977275
에듀테인먼트노크,카페,제주특별자치도,제주시,33.47407337,126.6097924
사우다드,카페,제주특별자치도,서귀포시,33.22561012,126.2535593
내딸에게,카페,제주특별자치도,제주시,33.46737413,126.5486015
더벤티제주용담점,카페,제주특별자치도,제주시,33.51318805,126.507044
탄탄면공방제주점,카페,제주특별자치도,제주시,33.4856874,126.5344758
해비치바람의집,카페,제주특별자치도,서귀포시,33.31251378,126.8364733
바당카페,카페,제주특별자치도,서귀포시,33.23843293,126.4392266
민박사봉평막국수교래점,카페,제주특별자치도,제주시,33.43709387,126.6806104
이디야커피서귀포,카페,제주특별자치도,서귀포시,33.25569527,126.5747296
슬로우,카페,제주특별자치도,서귀포시,33.28274534,126.7177259
알베로,카페,제주특별자치도,서귀포시,33.43861251,126.8567344
카페앤틱애월,카페,제주특별자치도,제주시,33.48263462,126.4141706
에이바우트커피화북,카페,제주특별자치도,제주시,33.51880053,126.5635439
저바다에누워,카페,제주특별자치도,제주시,33.36723099,126.2051498
파란상자,카페,제주특별자치도,제주시,33.54113441,126.8286689
달카라멜,카페,제주특별자치도,제주시,33.54010174,126.6736968
커피커넥쳐스,카페,제주특별자치도,제주시,33.48251288,126.4928864
먼트커피,카페,제주특별자치도,제주시,33.48485254,126.4723757
안녕돌하르방,카페,제주특별자치도,제주시,33.53884234,126.6888068
에이에이에이,카페,제주특별자치도,서귀포시,33.27941521,126.3614633
투빅커피효돈점,카페,제주특별자치도,서귀포시,33.2607684,126.6124177
루브린,카페,제주특별자치도,서귀포시,33.27232206,126.6838414
꽃향유,카페,제주특별자치도,제주시,33.45707412,126.3472998
청춘다방,카페,제주특별자치도,제주시,33.49116016,126.4975598
한나스토리,카페,제주특별자치도,제주시,33.49105648,126.5405374
마마뜰,카페,제주특별자치도,서귀포시,33.31019406,126.3335779
망고홀릭법환점,카페,제주특별자치도,서귀포시,33.23426348,126.5132391
지그라나다,카페,제주특별자치도,제주시,33.4994587,126.4640654
볕이드는곳벧디,카페,제주특별자치도,제주시,33.47161851,126.487743
에브리씽글데이카페,카페,제주특별자치도,서귀포시,33.25020779,126.2751869
빽다방제주삼도일동점,카페,제주특별자치도,제주시,33.50706138,126.5195739
메가엠지씨커피제주대점,카페,제주특별자치도,제주시,33.46034269,126.561449
랜딩커피,카페,제주특별자치도,서귀포시,33.4355131,126.9189065
티나,카페,제주특별자치도,제주시,33.42590395,126.2693003
보네르,카페,제주특별자치도,제주시,33.49328706,126.5366733
콩툰,카페,제주특별자치도,서귀포시,33.25505419,126.5718352
르토아베이스먼트,카페,제주특별자치도,제주시,33.53298654,126.8442737
소우주,카페,제주특별자치도,서귀포시,33.32128614,126.8430833
공백,카페,제주특별자치도,제주시,33.55269987,126.7150421
스타벅스부동산,카페,제주특별자치도,제주시,33.51669033,126.5035583
에이바우트커피서귀포,카페,제주특별자치도,서귀포시,33.24946981,126.5144854
소은,카페,제주특별자치도,제주시,33.50454323,126.5212021
샤론앤이든,카페,제주특별자치도,제주시,33.48365689,126.4774507
온월,카페,제주특별자치도,제주시,33.39638366,126.2643344
봉성리북까페,카페,제주특별자치도,제주시,33.41531053,126.3119087
정클리언스,카페,제주특별자치도,제주시,33.49258396,126.5201273
카페킹,카페,제주특별자치도,제주시,33.48837314,126.517708
루이,카페,제주특별자치도,제주시,33.47191314,126.5070412
모뉴에트,카페,제주특별자치도,제주시,33.49146393,126.9021862
카페시오,카페,제주특별자치도,제주시,33.46524549,126.3376648
커피마마제주연동점,카페,제주특별자치도,제주시,33.48919322,126.4905771
베짱이컴퍼니,카페,제주특별자치도,제주시,33.47207922,126.5408958
도스페이스,카페,제주특별자치도,서귀포시,33.29006114,126.3023619
사막커피로스터스,카페,제주특별자치도,제주시,33.47074285,126.5403542
춘배네코히,카페,제주특별자치도,서귀포시,33.24644534,126.5594193
반디왓,카페,제주특별자치도,제주시,33.30590588,126.2623785
카페사분의이,카페,제주특별자치도,제주시,33.35100419,126.1845744
석화,카페,제주특별자치도,제주시,33.49167447,126.4932312
빽다방제주일도,카페,제주특별자치도,제주시,33.51202968,126.5314826
리치망고신화월드점,카페,제주특별자치도,서귀포시,33.30497034,126.316352
셔링,카페,제주특별자치도,제주시,33.52354161,126.584134
이마고,카페,제주특별자치도,서귀포시,33.32504844,126.795251
투썸플레이스제주애월하귀점,카페,제주특별자치도,제주시,33.48864895,126.4181543
열두달,카페,제주특별자치도,제주시,33.32238346,126.1703214
비엔올더타임,카페,제주특별자치도,제주시,33.48424291,126.4817402
강철카페,카페,제주특별자치도,서귀포시,33.29182472,126.2842904
길카페,카페,제주특별자치도,서귀포시,33.3246869,126.8305865
프레질스콘,카페,제주특별자치도,제주시,33.51611613,126.5273274
나의왼손,카페,제주특별자치도,서귀포시,33.37206228,126.8551135
해빙펀,카페,제주특별자치도,제주시,33.48271691,126.4855151
커피를그리다리다커피,카페,제주특별자치도,제주시,33.48310595,126.5385244
가호,카페,제주특별자치도,제주시,33.48473873,126.3905715
귤낭,카페,제주특별자치도,제주시,33.47490224,126.4731461
벌크커피연북로점,카페,제주특별자치도,제주시,33.48142369,126.4845652
뮤커피,카페,제주특별자치도,제주시,33.4884207,126.4331015
카페인중독제주,카페,제주특별자치도,제주시,33.50481347,126.5258283
안녕세화씨,카페,제주특별자치도,제주시,33.52650953,126.8562667
바빈스커피모슬포점,카페,제주특별자치도,서귀포시,33.21857685,126.2519456
제주담다KBS제주점,카페,제주특별자치도,제주시,33.48908277,126.5193504
푸른감람나무,카페,제주특별자치도,제주시,33.48110685,126.5416121
정다운다방,카페,제주특별자치도,제주시,33.52312855,126.856283
올디벗구디,카페,제주특별자치도,서귀포시,33.2529635,126.4734625
바블,카페,제주특별자치도,제주시,33.49877386,126.5308437
귤랑,카페,제주특별자치도,제주시,33.48042727,126.4478935
쿠키키cookiki,카페,제주특별자치도,제주시,33.48212467,126.4055344
서쪽하늘,카페,제주특별자치도,제주시,33.28922228,126.1662018
이디야삼도점,카페,제주특별자치도,제주시,33.50458244,126.5196844
섬타르공항드림,카페,제주특별자치도,제주시,33.48757297,126.4782019
리치망고,카페,제주특별자치도,제주시,33.54248885,126.6694995
노닐다,카페,제주특별자치도,제주시,33.49418865,126.9510162
에이치비디프로젝트,카페,제주특별자치도,제주시,33.47996698,126.4747508
백록다방,카페,제주특별자치도,서귀포시,33.24803222,126.5619759
세화카페텐더럽,카페,제주특별자치도,제주시,33.52521289,126.8577113
빈센트커피아라점,카페,제주특별자치도,제주시,33.47159039,126.5452554
초원길,카페,제주특별자치도,서귀포시,33.27245731,126.3654853
디트루키친,카페,제주특별자치도,제주시,33.47659334,126.5401189
에오마르,카페,제주특별자치도,제주시,33.52574063,126.586567
가치있는생활,카페,제주특별자치도,서귀포시,33.28072702,126.278241
카페봄봄,카페,제주특별자치도,제주시,33.53516134,126.6230078
오르또,카페,제주특별자치도,서귀포시,33.46896405,126.9207257
쉼표,카페,제주특별자치도,제주시,33.3952482,126.2419551
하빌리스,카페,제주특별자치도,제주시,33.50457269,126.5171769
진다방,카페,제주특별자치도,서귀포시,33.2232458,126.2577308
올레시장,카페,제주특별자치도,서귀포시,33.24989404,126.5632436
핸즈커피,카페,제주특별자치도,제주시,33.5118947,126.5387591
제주커피집심심,카페,제주특별자치도,제주시,33.48063423,126.4768986
팔공티,카페,제주특별자치도,제주시,33.52090977,126.5843726
놀숲제주외도점,카페,제주특별자치도,제주시,33.48608832,126.4317287
우리주택주,카페,제주특별자치도,제주시,33.47294486,126.4858095
한라원얌얌카페,카페,제주특별자치도,제주시,33.39413341,126.3734269
슬레이트룸커피,카페,제주특별자치도,서귀포시,33.26558539,126.3044991
미미끄,카페,제주특별자치도,제주시,33.49046952,126.4276973
블러프커피앤그릴,카페,제주특별자치도,제주시,33.46614942,126.5086766
가파도로와,카페,제주특별자치도,서귀포시,33.17292393,126.2679544
스윗대디,카페,제주특별자치도,제주시,33.49504096,126.547737
노기다제주특별자치도의회점,카페,제주특별자치도,제주시,33.49043798,126.4995654
헌치카페,카페,제주특별자치도,제주시,33.45496513,126.7709279
오르바,카페,제주특별자치도,서귀포시,33.24039161,126.6095677
카페비아라테,카페,제주특별자치도,서귀포시,33.28538487,126.3013041
카페팔레트,카페,제주특별자치도,제주시,33.5109609,126.4848314
마리따,카페,제주특별자치도,제주시,33.44434887,126.284503
열린까페,카페,제주특별자치도,서귀포시,33.24270659,126.6175619
타임스탬프,카페,제주특별자치도,제주시,33.53481195,126.6237414
바람불어좋은날,카페,제주특별자치도,서귀포시,33.23713828,126.2978686
카페아로하,카페,제주특별자치도,서귀포시,33.25277757,126.5705264
투썸플레이스곽지과물,카페,제주특별자치도,제주시,33.44934371,126.3051224
자드부팡,카페,제주특별자치도,제주시,33.51234298,126.710514
투빅,카페,제주특별자치도,서귀포시,33.27915213,126.7196268
카페투비,카페,제주특별자치도,제주시,33.51285928,126.5267746
아이앤지,카페,제주특별자치도,제주시,33.48547713,126.6748917
천년의미;영평나인,카페,제주특별자치도,제주시,33.47802161,126.5687513
와산댕댕마실카페,카페,제주특별자치도,제주시,33.49889351,126.678565
애월더선셋,카페,제주특별자치도,제주시,33.4561356,126.3088759
카페인사리,카페,제주특별자치도,제주시,33.53916513,126.8259488
미남미녀,카페,제주특별자치도,서귀포시,33.26022639,126.412161
올인블룸,카페,제주특별자치도,서귀포시,33.30759478,126.8077156
외인다방,카페,제주특별자치도,서귀포시,33.25033312,126.5624688
인더오조,카페,제주특별자치도,서귀포시,33.46917113,126.9202737
리듬,카페,제주특별자치도,제주시,33.51383306,126.5197625
옥분상회,카페,제주특별자치도,서귀포시,33.28023926,126.7179272
카페성지,카페,제주특별자치도,제주시,33.50969574,126.5246931
앤더스제주,카페,제주특별자치도,서귀포시,33.27152487,126.2020683
멍우주,카페,제주특별자치도,서귀포시,33.23264173,126.3672321
카페테리아구상나무,카페,제주특별자치도,서귀포시,33.30721623,126.5860121
프렌즈스크린앤데미다,카페,제주특별자치도,제주시,33.49499986,126.5513098
파인브레드,카페,제주특별자치도,제주시,33.46273872,126.3342309
섭지로카페,카페,제주특별자치도,서귀포시,33.44461017,126.9185861
메가엠지씨커피제주동문,카페,제주특별자치도,제주시,33.51332616,126.5262662
씨오버더썬샤인,카페,제주특별자치도,제주시,33.53677693,126.8400896
콜라,카페,제주특별자치도,제주시,33.44331857,126.2919212
에이엠11,카페,제주특별자치도,제주시,33.48395429,126.3778594
오늘의감정오감,카페,제주특별자치도,제주시,33.52197111,126.861215
베니스,카페,제주특별자치도,서귀포시,33.25858534,126.5761537
사우스카페,카페,제주특별자치도,서귀포시,33.24538996,126.3259153
봄봄삼도점,카페,제주특별자치도,제주시,33.50493543,126.5131068
카페하모,카페,제주특별자치도,서귀포시,33.2261065,126.2476549
정은카페,카페,제주특별자치도,서귀포시,33.44801632,126.9156898
김한미술관,카페,제주특별자치도,제주시,33.40904904,126.2871683
카페밀에드,카페,제주특별자치도,제주시,33.5127784,126.5105981
카페봄봄효돈점,카페,제주특별자치도,서귀포시,33.26353273,126.6170526
그리너리,카페,제주특별자치도,서귀포시,33.26157849,126.3841519
보보,카페,제주특별자치도,서귀포시,33.27443235,126.6568167
빽다방서귀포하원점,카페,제주특별자치도,서귀포시,33.25365111,126.4613858
그레이그로브,카페,제주특별자치도,서귀포시,33.22584299,126.2998148
시시소소,카페,제주특별자치도,제주시,33.47210803,126.7828136
리틀포레스트,카페,제주특별자치도,서귀포시,33.24480606,126.4592833
비양놀,카페,제주특별자치도,제주시,33.42898018,126.2635111
차걸신,카페,제주특별자치도,제주시,33.49777789,126.5273625
유앤유,카페,제주특별자치도,제주시,33.48514045,126.5304976
모래알,카페,제주특별자치도,제주시,33.39452007,126.2408329
시인의집,카페,제주특별자치도,제주시,33.53599834,126.6345454
우드앤카페,카페,제주특별자치도,제주시,33.34622325,126.1855642
봉성프리마,카페,제주특별자치도,제주시,33.41633633,126.3115458
베르앤베르,카페,제주특별자치도,제주시,33.49446699,126.6718127
서늘다방,카페,제주특별자치도,제주시,33.45900292,126.7023551
빽다방서귀포,카페,제주특별자치도,서귀포시,33.25446483,126.5605487
전농로의오후,카페,제주특별자치도,제주시,33.50451635,126.5212453
채색,카페,제주특별자치도,제주시,33.48939934,126.5361776
비자림베리멍,카페,제주특별자치도,제주시,33.49209146,126.8128182
길리,카페,제주특별자치도,제주시,33.55668769,126.7936939
평대당,카페,제주특별자치도,제주시,33.53566551,126.8381968
오카소,카페,제주특별자치도,제주시,33.54201462,126.6641395
알14,카페,제주특별자치도,제주시,33.37650278,126.2141889
컵독스커피제주,카페,제주특별자치도,제주시,33.49554039,126.526955
버터모닝,카페,제주특별자치도,제주시,33.46425634,126.4229536
우연못,카페,제주특별자치도,제주시,33.46674939,126.4876211
다과상점,카페,제주특별자치도,제주시,33.43823302,126.4031992
아하비제주,카페,제주특별자치도,제주시,33.34753371,126.3688945
감저,카페,제주특별자치도,서귀포시,33.229725,126.2451779
제주돌돌,카페,제주특별자치도,제주시,33.44631668,126.2959406
마음에온,카페,제주특별자치도,제주시,33.51457819,126.525958
리에또,카페,제주특별자치도,제주시,33.48419361,126.4850544
카페몽,카페,제주특별자치도,제주시,33.47406803,126.5522031
더제파,카페,제주특별자치도,제주시,33.55456941,126.7939789
공차제주삼화점,카페,제주특별자치도,제주시,33.51611093,126.5809943
어반르토아,카페,제주특별자치도,제주시,33.49107993,126.5420007
카페옜다,카페,제주특별자치도,서귀포시,33.37894217,126.8408197
담담,카페,제주특별자치도,제주시,33.33904001,126.2624323
지오시까페,카페,제주특별자치도,제주시,33.45160674,126.7048649
빈2020,카페,제주특별자치도,제주시,33.32117338,126.1673367
드숑,카페,제주특별자치도,서귀포시,33.25705722,126.572244
비마이게스트,카페,제주특별자치도,제주시,33.39796549,126.2454893
메가엠지커피제주삼화지구점,카페,제주특별자치도,제주시,33.51644451,126.5809927
메가커피제주,카페,제주특별자치도,서귀포시,33.25713466,126.5685627
테오도라,카페,제주특별자치도,제주시,33.48457831,126.5515572
포토힐링쉼터,카페,제주특별자치도,서귀포시,33.27500516,126.3790343
우여,카페,제주특별자치도,제주시,33.49982445,126.5368968
알라운지,카페,제주특별자치도,제주시,33.49069804,126.4947756
어제보다오늘,카페,제주특별자치도,제주시,33.50285386,126.456974
커피방아,카페,제주특별자치도,제주시,33.51195265,126.518449
카페봄봄제주,카페,제주특별자치도,제주시,33.51916269,126.584973
삼양다방,카페,제주특별자치도,제주시,33.52146658,126.5864151
라이드원,카페,제주특별자치도,제주시,33.48204341,126.5152577
깡,카페,제주특별자치도,서귀포시,33.35335493,126.7719465
봉쥬르봉봉,카페,제주특별자치도,제주시,33.39785757,126.2455333
드롭탑제주용담해안도로점,카페,제주특별자치도,제주시,33.51994331,126.4964247
카페빠네띠에,카페,제주특별자치도,제주시,33.4946562,126.546071
아란치오,카페,제주특별자치도,제주시,33.50862125,126.4709185
도깨비방망이,카페,제주특별자치도,제주시,33.39849143,126.2519448
에이바우트커피,카페,제주특별자치도,제주시,33.51620917,126.5257231
산호다방,카페,제주특별자치도,서귀포시,33.24006144,126.5644405
촐리케이크,카페,제주특별자치도,제주시,33.4939921,126.5420069
산책,카페,제주특별자치도,제주시,33.46690915,126.3368668
제주신서란진흥원,카페,제주특별자치도,제주시,33.5221992,126.5764332
테,카페,제주특별자치도,서귀포시,33.25179733,126.4377462
식물집카페,카페,제주특별자치도,서귀포시,33.2559672,126.522938
피플,카페,제주특별자치도,제주시,33.53793692,126.6138014
펠릭스,카페,제주특별자치도,서귀포시,33.24421055,126.5597738
빽다방베이커리제주사수점,카페,제주특별자치도,제주시,33.50928559,126.4766186
리치망고우도검멀레점,카페,제주특별자치도,제주시,33.49775541,126.9675007
예향,카페,제주특별자치도,제주시,33.46903608,126.3417883
봄봄도두점,카페,제주특별자치도,제주시,33.50342419,126.4658059
카페홍리,카페,제주특별자치도,서귀포시,33.26830248,126.5650088
파파카페테리아,카페,제주특별자치도,제주시,33.34028315,126.1721389
애월7일,카페,제주특별자치도,제주시,33.43811816,126.3312144
거문오름,카페,제주특별자치도,제주시,33.47927561,126.7005321
중섭의집,카페,제주특별자치도,서귀포시,33.24726644,126.564716
요나스,카페,제주특별자치도,제주시,33.34972684,126.185016
원더러스트제주,카페,제주특별자치도,제주시,33.47242031,126.5812047
지미스베이킹컴퍼니,카페,제주특별자치도,제주시,33.49248766,126.5497194
카페679,카페,제주특별자치도,제주시,33.44778969,126.7035012
카페더라이트,카페,제주특별자치도,서귀포시,33.46563693,126.9360042
요석드림,카페,제주특별자치도,제주시,33.42358701,126.4079873
달그리안,카페,제주특별자치도,제주시,33.4977465,126.9679203
로이셀세화,카페,제주특별자치도,제주시,33.52394059,126.8568091
제주카페스르륵,카페,제주특별자치도,서귀포시,33.23225464,126.4632658
토끼네집으로오세요,카페,제주특별자치도,제주시,33.44342991,126.2956413
보메와산,카페,제주특별자치도,제주시,33.48449913,126.6801783
안트레밀,카페,제주특별자치도,제주시,33.49755849,126.5458407
카페512,카페,제주특별자치도,제주시,33.50075355,126.5443173
와토커피,카페,제주특별자치도,서귀포시,33.22545668,126.2565428
카페준,카페,제주특별자치도,서귀포시,33.24357866,126.5621162
카페커피메딕,카페,제주특별자치도,서귀포시,33.23911079,126.4296731
커피동굴,카페,제주특별자치도,제주시,33.51460999,126.5391644
안녕육지사람,카페,제주특별자치도,제주시,33.51518928,126.9571719
외도339오이디오339,카페,제주특별자치도,제주시,33.49373371,126.4317111
김박사커피밀,카페,제주특별자치도,제주시,33.49249078,126.4988649
오멍가멍쉬멍,카페,제주특별자치도,서귀포시,33.16692758,126.2724747
벌크커피한림점,카페,제주특별자치도,제주시,33.40871345,126.2667137
하이디펍,카페,제주특별자치도,서귀포시,33.24555644,126.2973507
화북대표술집,카페,제주특별자치도,제주시,33.51980934,126.5658315
오시록,카페,제주특별자치도,제주시,33.47613722,126.5484807
고성리안,카페,제주특별자치도,서귀포시,33.4507833,126.9142674
아띠마루커피랩,카페,제주특별자치도,제주시,33.50038486,126.5137349
꽃이피다,카페,제주특별자치도,제주시,33.47732942,126.4778545
달콤아재,카페,제주특별자치도,제주시,33.51343126,126.9574849
소랑아시,카페,제주특별자치도,서귀포시,33.25570307,126.4146702
사일리커피,카페,제주특별자치도,서귀포시,33.19995585,126.2758908
서귀포시장애인단체연합회모커리,카페,제주특별자치도,서귀포시,33.23977334,126.56456
봉카페,카페,제주특별자치도,서귀포시,33.46515771,126.933412
옹포다방,카페,제주특별자치도,제주시,33.40302334,126.251433
메가엠지씨커피제주남녕점,카페,제주특별자치도,제주시,33.49054303,126.4812615
더카페,카페,제주특별자치도,제주시,33.53722995,126.6457263
아뜰리에안,카페,제주특별자치도,서귀포시,33.23150297,126.5059912
귀농,카페,제주특별자치도,제주시,33.4960298,126.9560191
공생,카페,제주특별자치도,제주시,33.50823294,126.5432772
숨비아일랜드월정리점,카페,제주특별자치도,제주시,33.55559996,126.795624
유동커피,카페,제주특별자치도,서귀포시,33.24443225,126.5638394
카페힐,카페,제주특별자치도,서귀포시,33.31150062,126.8339624
더오라,카페,제주특별자치도,제주시,33.49704195,126.5096644
베트로,카페,제주특별자치도,서귀포시,33.24763936,126.5630724
일오구카페,카페,제주특별자치도,서귀포시,33.26473701,126.3043449
커넥,카페,제주특별자치도,서귀포시,33.32439771,126.7943074
카페쿠이,카페,제주특별자치도,제주시,33.44912565,126.304823
카페연이랑,카페,제주특별자치도,제주시,33.45396225,126.7096648
더바당카페,카페,제주특별자치도,제주시,33.46713414,126.3367898
써니하우스,카페,제주특별자치도,서귀포시,33.23643613,126.3125943
오버더윈도우,카페,제주특별자치도,서귀포시,33.24519881,126.5613248
청연,카페,제주특별자치도,제주시,33.4856874,126.5344758
컴포즈커피하효점,카페,제주특별자치도,서귀포시,33.25688113,126.6178436
잇츠오케이크,카페,제주특별자치도,제주시,33.48256253,126.47027
커피앤두제주하귀점,카페,제주특별자치도,제주시,33.48421324,126.4086511
모래시계,카페,제주특별자치도,제주시,33.51092043,126.5243097
파스쿠찌제주제원점,카페,제주특별자치도,제주시,33.48746159,126.4904366
커피맛이멜로,카페,제주특별자치도,서귀포시,33.31228548,126.36626
이디야제주한림점,카페,제주특별자치도,제주시,33.41824704,126.2643113
비브레이브커피로스터즈,카페,제주특별자치도,서귀포시,33.25492099,126.518179
나이체,카페,제주특별자치도,제주시,33.47516644,126.5468182
마라와플,카페,제주특별자치도,서귀포시,33.11415218,126.2673173
설빙제주,카페,제주특별자치도,제주시,33.54161037,126.6680278
말로나,카페,제주특별자치도,제주시,33.44581576,126.295052
이디야커피,카페,제주특별자치도,서귀포시,33.24833076,126.5091264
커피랑카페,카페,제주특별자치도,제주시,33.41378492,126.264435
소설다방,카페,제주특별자치도,제주시,33.50107294,126.5284745
아델,카페,제주특별자치도,제주시,33.42409815,126.4055216
레이지,카페,제주특별자치도,제주시,33.50113552,126.5166364
파파스브로트,카페,제주특별자치도,서귀포시,33.28990097,126.4562463
카페카약올레,카페,제주특별자치도,제주시,33.56324207,126.7779441
메리앤커피,카페,제주특별자치도,제주시,33.504654,126.5409391
성산해나,카페,제주특별자치도,서귀포시,33.46251574,126.9329515
갤러리카페꽃담,카페,제주특별자치도,제주시,33.47539183,126.3571677
망고홀릭제주,카페,제주특별자치도,제주시,33.49071356,126.4919563
아뽀밍고,카페,제주특별자치도,서귀포시,33.45994493,126.9307269
여기제주,카페,제주특별자치도,서귀포시,33.24848831,126.5634759
그림앤카페,카페,제주특별자치도,제주시,33.49174931,126.5916354
봄뜨랑,카페,제주특별자치도,서귀포시,33.44996305,126.9145801
스윗카페우도,카페,제주특별자치도,제주시,33.49365674,126.9511026
제이아일랜드,카페,제주특별자치도,서귀포시,33.37879662,126.879723
저장고,카페,제주특별자치도,서귀포시,33.34542284,126.7634805
몽그레제주,카페,제주특별자치도,제주시,33.50004846,126.4607688
스톤헤이븐,카페,제주특별자치도,제주시,33.48832739,126.4971243
테라피쉬,카페,제주특별자치도,제주시,33.46095862,126.5622527
예래마을사업협동조합,카페,제주특별자치도,서귀포시,33.24585249,126.3783606
제주청소년카페그래,카페,제주특별자치도,제주시,33.30137646,126.1798506
제로포인트트레일,카페,제주특별자치도,제주시,33.51474386,126.5292076
텀프타운,카페,제주특별자치도,제주시,33.49753066,126.5358974
세렝게티,카페,제주특별자치도,서귀포시,33.25088612,126.6210675
봄봄,카페,제주특별자치도,제주시,33.4603145,126.5611265
도이프,카페,제주특별자치도,제주시,33.49462647,126.5453394
정원다방,카페,제주특별자치도,서귀포시,33.24829942,126.566181
프래그란스,카페,제주특별자치도,제주시,33.45438966,126.4399379
네모의작업실,카페,제주특별자치도,제주시,33.38490895,126.2334687
씨오피원두제주총판점,카페,제주특별자치도,제주시,33.49340504,126.4887231
이츠커피,카페,제주특별자치도,제주시,33.476904,126.4774589
종달리746,카페,제주특별자치도,제주시,33.49187893,126.9025193
미소다방,카페,제주특별자치도,서귀포시,33.4505219,126.9143752
말리가,카페,제주특별자치도,제주시,33.38714067,126.2490005
랩툰,카페,제주특별자치도,제주시,33.49975135,126.529461
아르커피,카페,제주특별자치도,제주시,33.52814938,126.5897313
더스트롱홀드수,카페,제주특별자치도,제주시,33.48784482,126.4679245
카페힐섬2020,카페,제주특별자치도,제주시,33.5395602,126.6409041
드몬아이다,카페,제주특별자치도,제주시,33.49402944,126.4554042
곶자왈노크,카페,제주특별자치도,제주시,33.47407337,126.6097924
커피초아,카페,제주특별자치도,제주시,33.51747563,126.5766607
엔일공구,카페,제주특별자치도,제주시,33.55182124,126.7693697
카페신상,카페,제주특별자치도,제주시,33.49727491,126.4492285
호텔샌드,카페,제주특별자치도,제주시,33.39388676,126.2404729
지미네커피,카페,제주특별자치도,제주시,33.48339774,126.493204
비엔,카페,제주특별자치도,제주시,33.50496379,126.5643129
법인다락,카페,제주특별자치도,제주시,33.46955452,126.3409453
제주스,카페,제주특별자치도,제주시,33.51287793,126.526936
카페지니,카페,제주특별자치도,서귀포시,33.26486544,126.6406479
휠스,카페,제주특별자치도,제주시,33.50246002,126.5050063
써니의놀이터,카페,제주특별자치도,서귀포시,33.2392209,126.4400156
할렘버거,카페,제주특별자치도,서귀포시,33.29958663,126.7132803
설빙신제주,카페,제주특별자치도,제주시,33.48618043,126.4902181
빈티지무드,카페,제주특별자치도,제주시,33.50560237,126.9495461
카페느슨,카페,제주특별자치도,서귀포시,33.26262686,126.475111
카페파스쿠찌,카페,제주특별자치도,제주시,33.50600493,126.5381231
귤당리,카페,제주특별자치도,제주시,33.36306188,126.1961625
여섯번의보름,카페,제주특별자치도,서귀포시,33.25692448,126.5304557
가파리212,카페,제주특별자치도,서귀포시,33.17383784,126.2700482
스쿠피케이크,카페,제주특별자치도,제주시,33.50789605,126.5093987
홍대더브릿지,카페,제주특별자치도,제주시,33.50011887,126.5288994
몬데이,카페,제주특별자치도,제주시,33.48806651,126.4819434
선흘2리마을회오름보러가게앤카페,카페,제주특별자치도,제주시,33.4569133,126.7147535
고요새,카페,제주특별자치도,제주시,33.52551581,126.5867403
윈드스테이,카페,제주특별자치도,제주시,33.49632102,126.4415727
라꾸르,카페,제주특별자치도,제주시,33.45854036,126.3518172
파스쿠찌,카페,제주특별자치도,제주시,33.51530155,126.526503
파파엔도터,카페,제주특별자치도,서귀포시,33.24519747,126.568675
비하이브,카페,제주특별자치도,제주시,33.47752909,126.4889885
탐나는제주이야기,카페,제주특별자치도,제주시,33.51264766,126.5280243
에이바우트커피,카페,제주특별자치도,제주시,33.48941843,126.5956815
제주설심당,카페,제주특별자치도,제주시,33.51944206,126.4928971
이너프,카페,제주특별자치도,제주시,33.45600617,126.4189641
카페동경앤책방,카페,제주특별자치도,제주시,33.48134603,126.4048511
에이바우트커피인화점,카페,제주특별자치도,제주시,33.51028304,126.5393488
라피아,카페,제주특별자치도,제주시,33.39851154,126.2522886
보롬창고,카페,제주특별자치도,제주시,33.49785374,126.9107343
제주;길,카페,제주특별자치도,서귀포시,33.24896056,126.5567884
투썸플레이스제주대학,카페,제주특별자치도,제주시,33.46911531,126.5464301
아트인명도암,카페,제주특별자치도,제주시,33.46805654,126.6116589
카페7,카페,제주특별자치도,제주시,33.50892176,126.5111472
카페연대,카페,제주특별자치도,제주시,33.49494081,126.4256233
끄티탑동,카페,제주특별자치도,제주시,33.5182663,126.5284781
동네,카페,제주특별자치도,제주시,33.49240065,126.5383244
다락,카페,제주특별자치도,제주시,33.43694032,126.6770192
일루올레,카페,제주특별자치도,제주시,33.34449629,126.1834427
엠츄로,카페,제주특별자치도,제주시,33.48657063,126.4908292
우드스탁,카페,제주특별자치도,제주시,33.5553221,126.7966154
리부아르,카페,제주특별자치도,제주시,33.48194855,126.375227
오조리카페앤라운지,카페,제주특별자치도,서귀포시,33.45797034,126.9160244
렌시아,카페,제주특별자치도,제주시,33.3782892,126.2523435
프리튀르,카페,제주특별자치도,서귀포시,33.28696282,126.3291492
이성필커피,카페,제주특별자치도,제주시,33.49998474,126.5291907
카페베고니아,카페,제주특별자치도,제주시,33.48604223,126.5450508
까페더모해,카페,제주특별자치도,서귀포시,33.46177684,126.9337266
어반브루잉,카페,제주특별자치도,제주시,33.51281932,126.5210704
라녹,카페,제주특별자치도,제주시,33.4672817,126.3174686
메가엠지씨커피제주도청점,카페,제주특별자치도,제주시,33.49195267,126.49734
하르,카페,제주특별자치도,서귀포시,33.24945034,126.5601446
더모아,카페,제주특별자치도,제주시,33.46468205,126.5138161
에브리선데이커피제주점,카페,제주특별자치도,서귀포시,33.27032111,126.6736305
커피핌,카페,제주특별자치도,제주시,33.48691473,126.4956045
설렁설렁,카페,제주특별자치도,제주시,33.48442234,126.5483301
순백,카페,제주특별자치도,제주시,33.50145278,126.526417
무우수커피로스터스,카페,제주특별자치도,제주시,33.53779469,126.6383598
점점,카페,제주특별자치도,제주시,33.53703081,126.6152481
941헤르쯔,카페,제주특별자치도,제주시,33.48532963,126.4850585
도서관가는길커피숍,카페,제주특별자치도,제주시,33.47615166,126.5141501
스콘가게끌림,카페,제주특별자치도,제주시,33.52438454,126.5827736
컴포즈커피연동점,카페,제주특별자치도,제주시,33.48113521,126.4911192
블랑로쉐,카페,제주특별자치도,서귀포시,33.17415936,126.271064
지오,카페,제주특별자치도,제주시,33.49790836,126.5261135
솜반내풍경,카페,제주특별자치도,서귀포시,33.25321387,126.5536012
사뿐,카페,제주특별자치도,제주시,33.49226878,126.4864808
우성다방,카페,제주특별자치도,서귀포시,33.24943201,126.5651881
시월의LIBRA,카페,제주특별자치도,제주시,33.51331706,126.5381811
슬로리,카페,제주특별자치도,제주시,33.43429038,126.4007744
커피마마퀸,카페,제주특별자치도,제주시,33.48442128,126.4706138
더벤티해비치리조트점,카페,제주특별자치도,서귀포시,33.32483953,126.8438502
카페효주,카페,제주특별자치도,제주시,33.51273485,126.5202098
베카신,카페,제주특별자치도,제주시,33.46494508,126.7102091
골목다방,카페,제주특별자치도,서귀포시,33.22122675,126.2518051
봄봄화북점,카페,제주특별자치도,제주시,33.52393477,126.5673072
마더웍스스위밍룸,카페,제주특별자치도,제주시,33.47196712,126.5521493
욜로펜션카페,카페,제주특별자치도,제주시,33.51934798,126.8885168
차귀놀,카페,제주특별자치도,제주시,33.32226114,126.1668646
영재당,카페,제주특별자치도,서귀포시,33.25221068,126.5579846
음부리카페,카페,제주특별자치도,제주시,33.3521291,126.2575412
블레스가든,카페,제주특별자치도,서귀포시,33.28090432,126.7130516
로치아,카페,제주특별자치도,제주시,33.5018589,126.4666119
카페오드리,카페,제주특별자치도,제주시,33.35690486,126.2973597
별세계,카페,제주특별자치도,제주시,33.40732989,126.2614579
미정,카페,제주특별자치도,제주시,33.48939522,126.5399114
컴포즈커피제주,카페,제주특별자치도,제주시,33.48872217,126.5383332
오늘;당근,카페,제주특별자치도,서귀포시,33.38609318,126.8822709
내가좋아하는것들,카페,제주특별자치도,제주시,33.48779141,126.4895201
고미커피,카페,제주특별자치도,서귀포시,33.25561996,126.5557675
오브제주,카페,제주특별자치도,서귀포시,33.26035447,126.6185153
더치앤빈,카페,제주특별자치도,제주시,33.4836602,126.4782361
로쿤커피에스프레소바,카페,제주특별자치도,제주시,33.45001095,126.3674542
이디야커피연동점,카페,제주특별자치도,제주시,33.48967906,126.4903268
산도롱앤드또,카페,제주특별자치도,제주시,33.51315761,126.5246311
벙커하우스,카페,제주특별자치도,서귀포시,33.24046292,126.519224
세계조가비박물관커피숍,카페,제주특별자치도,서귀포시,33.24743632,126.551624
피프스페이스,카페,제주특별자치도,제주시,33.5113659,126.5113595
에스알디서귀포지점,카페,제주특별자치도,서귀포시,33.24684649,126.5606727
자키커피,카페,제주특별자치도,제주시,33.51204268,126.5254229
하도록,카페,제주특별자치도,제주시,33.51866713,126.8834694
스페이스플로스,카페,제주특별자치도,제주시,33.48365818,126.4132707
제주감성,카페,제주특별자치도,제주시,33.49678697,126.451018
신비의사랑,카페,제주특별자치도,제주시,33.44863031,126.4861681
애플망고1947,카페,제주특별자치도,서귀포시,33.26623328,126.2575069
에피소드,카페,제주특별자치도,제주시,33.30577625,126.1880879
스테이잔다,카페,제주특별자치도,제주시,33.46415978,126.3137604
에이에이에이,카페,제주특별자치도,서귀포시,33.27941521,126.3614633
커피비원,카페,제주특별자치도,제주시,33.48353653,126.48749
티유인,카페,제주특별자치도,제주시,33.52282781,126.5863656
소심한물고기,카페,제주특별자치도,제주시,33.55627613,126.8068433
그해여름,카페,제주특별자치도,제주시,33.33700033,126.2279702
하늘샐리,카페,제주특별자치도,제주시,33.4946562,126.546071
유동커피팩토리,카페,제주특별자치도,서귀포시,33.25527385,126.5598579
하올람커피,카페,제주특별자치도,서귀포시,33.24734991,126.5653809
메가엠지씨커피서귀포여중점,카페,제주특별자치도,서귀포시,33.25551781,126.5449721
스타다방,카페,제주특별자치도,서귀포시,33.22239305,126.2553459
제이팩토리,카페,제주특별자치도,서귀포시,33.28801363,126.5893341
수애기베이커리카페,카페,제주특별자치도,서귀포시,33.22221759,126.2441911
바이러닉에스프레소바,카페,제주특별자치도,제주시,33.49767789,126.4445772
오우야에스프레소,카페,제주특별자치도,서귀포시,33.22101346,126.25082
청자다방서귀포,카페,제주특별자치도,서귀포시,33.25305532,126.5068572
솔트스톤,카페,제주특별자치도,제주시,33.52151817,126.5803116
블리스풀,카페,제주특별자치도,제주시,33.40519132,126.4073381
샐러드샌드위치달리는커피제주삼화점,카페,제주특별자치도,제주시,33.51702523,126.5820878
클로피,카페,제주특별자치도,서귀포시,33.23680829,126.5138043
조이아지,카페,제주특별자치도,제주시,33.53843405,126.670387
다올그집,카페,제주특별자치도,제주시,33.50473346,126.9418516
뜻밖의발견,카페,제주특별자치도,서귀포시,33.25986523,126.5098024
드럼카페,카페,제주특별자치도,제주시,33.50138244,126.6857985
미닝,카페,제주특별자치도,제주시,33.44064777,126.2774895
오알,카페,제주특별자치도,서귀포시,33.24458763,126.5345669
에끄랑,카페,제주특별자치도,제주시,33.49270967,126.5438645
솔트스톤시티점,카페,제주특별자치도,제주시,33.49791948,126.5290297
난달,카페,제주특별자치도,제주시,33.46709096,126.3204928
구좌상회,카페,제주특별자치도,제주시,33.48568198,126.6988745
베큠,카페,제주특별자치도,서귀포시,33.2450097,126.5613901
카페구할구제주,카페,제주특별자치도,제주시,33.55456229,126.7951204
이반다방,카페,제주특별자치도,서귀포시,33.22075782,126.2532894
하루엔샐러드,카페,제주특별자치도,서귀포시,33.44207728,126.9195671
라바르,카페,제주특별자치도,서귀포시,33.24584058,126.561783
구터미널,카페,제주특별자치도,서귀포시,33.25169562,126.5602085
크럼블,카페,제주특별자치도,제주시,33.47012356,126.5484796
메가엠지씨커피제주표선점,카페,제주특별자치도,서귀포시,33.32624113,126.8331182
카페인중독제주,카페,제주특별자치도,제주시,33.49069623,126.5382151
까페소바니,카페,제주특별자치도,제주시,33.48244574,126.4703676
카페토스피아동홍지점,카페,제주특별자치도,서귀포시,33.25716673,126.5700113
카페초가헌,카페,제주특별자치도,서귀포시,33.3903267,126.8012675
레이지데이,카페,제주특별자치도,제주시,33.55788471,126.7924419
날쌘카페제주,카페,제주특별자치도,제주시,33.48806971,126.4805553
리코마망,카페,제주특별자치도,제주시,33.48301998,126.4697185
바이러닉에스프레소제주,카페,제주특별자치도,제주시,33.49767789,126.4445772
그러므로,카페,제주특별자치도,제주시,33.48715082,126.5352319
에이바우트커피,카페,제주특별자치도,제주시,33.53925103,126.6369111
메가엠지씨커피신제주점,카페,제주특별자치도,제주시,33.48604316,126.489724
일이이오브라우니바,카페,제주특별자치도,서귀포시,33.25165273,126.4277889
썬데이지,카페,제주특별자치도,서귀포시,33.2754317,126.7092911
찻집지안,카페,제주특별자치도,제주시,33.44078953,126.4023644
애월스톤,카페,제주특별자치도,제주시,33.42420942,126.3384604
롤링브루잉,카페,제주특별자치도,제주시,33.51310259,126.5291089
아일랜드플라워,카페,제주특별자치도,서귀포시,33.42432256,126.8496398
플로렌스,카페,제주특별자치도,제주시,33.96337243,126.2959179
메가엠지씨커피제주한라대점,카페,제주특별자치도,제주시,33.4761619,126.4789373
세화농부,카페,제주특별자치도,제주시,33.52611154,126.8551693
피앗카페,카페,제주특별자치도,제주시,33.50496883,126.5407438
프레젠트,카페,제주특별자치도,제주시,33.49824319,126.5217425
제주팜카페,카페,제주특별자치도,서귀포시,33.23380908,126.3103619
섭지로카페,카페,제주특별자치도,서귀포시,33.44461017,126.9185861
은,카페,제주특별자치도,제주시,33.49143275,126.4762957
에코타운,카페,제주특별자치도,서귀포시,33.21316391,126.2820032
예쁘다애월,카페,제주특별자치도,제주시,33.47457492,126.3754951
미깡,카페,제주특별자치도,서귀포시,33.27917676,126.6202368
도리관광농원,카페,제주특별자치도,제주시,33.43394458,126.6726644
넙빌레카페,카페,제주특별자치도,서귀포시,33.26939652,126.6486685
백금당제주점,카페,제주특별자치도,제주시,33.49065348,126.5437139
테라스8.9,카페,제주특별자치도,서귀포시,33.23764953,126.362679
장호,카페,제주특별자치도,제주시,33.49967325,126.518517
라라스토리,카페,제주특별자치도,제주시,33.45440226,126.4427343
칼라,카페,제주특별자치도,제주시,33.51561842,126.5766805
꼭지,카페,제주특별자치도,제주시,33.52254178,126.8556597
구하나구칠,카페,제주특별자치도,서귀포시,33.26349905,126.6149063
길용당,카페,제주특별자치도,제주시,33.48956189,126.4947391
여유로이,카페,제주특별자치도,제주시,33.50845611,126.5426734
삐끄니끄,카페,제주특별자치도,제주시,33.48495652,126.4973912
곤을커피,카페,제주특별자치도,제주시,33.52236507,126.5593709
제주에인감귤밭,카페,제주특별자치도,서귀포시,33.25655978,126.5390107
커피먹는고냉이,카페,제주특별자치도,서귀포시,33.43672252,126.920841
모리노코에,카페,제주특별자치도,제주시,33.48707543,126.5343608
코데인커피로스터스,카페,제주특별자치도,서귀포시,33.23508262,126.2962757
디엔에스,카페,제주특별자치도,제주시,33.46394038,126.3132135
메가엠지씨커피제주무지개,카페,제주특별자치도,제주시,33.50875091,126.4717249
봄봄516점,카페,제주특별자치도,서귀포시,33.27108701,126.5856889
구면카페,카페,제주특별자치도,서귀포시,33.35155002,126.7662035
돌셋,카페,제주특별자치도,서귀포시,33.21199468,126.291945
해안,카페,제주특별자치도,제주시,33.32226114,126.1668646
바띠,카페,제주특별자치도,서귀포시,33.305056,126.7677235
카페소낭,카페,제주특별자치도,서귀포시,33.25428156,126.4191653
아카페라,카페,제주특별자치도,제주시,33.45723319,126.5642936
에이바우트커피,카페,제주특별자치도,제주시,33.51620917,126.5257231
가마우지,카페,제주특별자치도,제주시,33.51721563,126.5319605
카페디크레,카페,제주특별자치도,제주시,33.46767515,126.5046555
브라더와이투케이,카페,제주특별자치도,서귀포시,33.46852742,126.9292462
이립,카페,제주특별자치도,제주시,33.31488876,126.24932
무한의서커피로스터스,카페,제주특별자치도,제주시,33.40461434,126.2551279
나무,카페,제주특별자치도,서귀포시,33.26414762,126.2555069
차차커피코제주연동점,카페,제주특별자치도,제주시,33.48614514,126.488217
수르,카페,제주특별자치도,서귀포시,33.27662892,126.1924474
투빅커피태흥점,카페,제주특별자치도,서귀포시,33.29390244,126.758069
스타벅스,카페,제주특별자치도,제주시,33.54248649,126.6686166
빽다방제주일도인제점,카페,제주특별자치도,제주시,33.50540238,126.5409567
스타벅스,카페,제주특별자치도,제주시,33.51240211,126.4845107
카페코지,카페,제주특별자치도,서귀포시,33.46822991,126.9292787
스타벅스,카페,제주특별자치도,제주시,33.39387629,126.2402366
커피쿡서귀포,카페,제주특별자치도,서귀포시,33.2590488,126.5693367
더커브,카페,제주특별자치도,제주시,33.46250304,126.31742
코스튼커피,카페,제주특별자치도,제주시,33.49842994,126.528123
비올리브,카페,제주특별자치도,서귀포시,33.25247012,126.4271182
노리롱,카페,제주특별자치도,제주시,33.47711318,126.5202772
스타벅스,카페,제주특별자치도,제주시,33.50048187,126.5295216
스타벅스,카페,제주특별자치도,제주시,33.48496773,126.480434
스타벅스,카페,제주특별자치도,서귀포시,33.44970564,126.9207002
카페콜코리,카페,제주특별자치도,서귀포시,33.26342821,126.6211958
산정오늘베를린,카페,제주특별자치도,제주시,33.49644344,126.7010864
우미,카페,제주특별자치도,서귀포시,33.29142588,126.6761607
컴포즈커피제주공항렌트카점,카페,제주특별자치도,제주시,33.5015021,126.4889123
테스그릭,카페,제주특별자치도,제주시,33.48009866,126.4739108
위즈,카페,제주특별자치도,제주시,33.48751466,126.4321283
오소록제주,카페,제주특별자치도,제주시,33.49824319,126.5217425
올댓커피제주,카페,제주특별자치도,제주시,33.46276006,126.3101034
화용다방,카페,제주특별자치도,서귀포시,33.2486491,126.5630459
선갤러리카페,카페,제주특별자치도,제주시,33.4750134,126.5135755
할리스제주도두해안,카페,제주특별자치도,제주시,33.50902652,126.4729286
호미,카페,제주특별자치도,제주시,33.5333089,126.6186988
그까페,카페,제주특별자치도,제주시,33.51285701,126.52149
무제,카페,제주특별자치도,서귀포시,33.28285059,126.7327115
피서지다방,카페,제주특별자치도,서귀포시,33.25069557,126.5629821
우림,카페,제주특별자치도,제주시,33.49703077,126.5420878
커피공장,카페,제주특별자치도,제주시,33.44398211,126.2960347
연수로13,카페,제주특별자치도,제주시,33.5034933,126.5464769
비원당구카페,카페,제주특별자치도,제주시,33.48791007,126.4768979
투빅커피한경조수점,카페,제주특별자치도,제주시,33.33652946,126.2334631
담담히,카페,제주특별자치도,제주시,33.49239638,126.5136397
은가비카페,카페,제주특별자치도,제주시,33.41680878,126.3105745
차귀도노을족욕카페,카페,제주특별자치도,제주시,33.30953508,126.1661803
로그릭,카페,제주특별자치도,서귀포시,33.25188834,126.4241388
더벤티서홍점,카페,제주특별자치도,서귀포시,33.25647318,126.5573621
놀멍쉬멍톨카페,카페,제주특별자치도,서귀포시,33.25054691,126.5155525
플레이커피랩,카페,제주특별자치도,서귀포시,33.25059969,126.5588082
카페덕자,카페,제주특별자치도,제주시,33.51980282,126.5822897
호랑호랑,카페,제주특별자치도,서귀포시,33.45003076,126.9215388
동네커피,카페,제주특별자치도,서귀포시,33.26093267,126.5588958
별,카페,제주특별자치도,제주시,33.50380007,126.5202053
과일로,카페,제주특별자치도,서귀포시,33.3076399,126.780527
커피한라,카페,제주특별자치도,제주시,33.476904,126.4774589
까페색동,카페,제주특별자치도,서귀포시,33.32197625,126.7912523
테라도스,카페,제주특별자치도,제주시,33.45274763,126.3423954
메가엠지씨커피협재해수욕장점,카페,제주특별자치도,제주시,33.39315559,126.2403288
코메트커피,카페,제주특별자치도,제주시,33.48909493,126.4133093
스푸레무따,카페,제주특별자치도,제주시,33.46730508,126.4846487
무상찻집,카페,제주특별자치도,제주시,33.50099149,126.514388
봄봄제주,카페,제주특별자치도,제주시,33.51411532,126.5370682
봉봉이,카페,제주특별자치도,제주시,33.51721048,126.5402162
브라보커피웍스,카페,제주특별자치도,제주시,33.5215561,126.8609789
스타벅스,카페,제주특별자치도,서귀포시,33.25506849,126.4158549
스타벅스,카페,제주특별자치도,제주시,33.4726973,126.3487641
바람의노래,카페,제주특별자치도,제주시,33.340586,126.270787
느랑,카페,제주특별자치도,제주시,33.50782248,126.6797804
너는나의봄,카페,제주특별자치도,서귀포시,33.17461517,126.271918
아우아우,카페,제주특별자치도,제주시,33.4882106,126.693206
스타벅스,카페,제주특별자치도,제주시,33.51334929,126.5252436
새록,카페,제주특별자치도,제주시,33.47383649,126.5505045
섬,카페,제주특별자치도,제주시,33.40533367,126.2282586
청자다방천지점,카페,제주특별자치도,서귀포시,33.24941618,126.5581381
스타벅스,카페,제주특별자치도,서귀포시,33.29182472,126.2842904
할리스,카페,제주특별자치도,제주시,33.49381812,126.5340341
미레이나,카페,제주특별자치도,제주시,33.35240639,126.1825523
스타벅스,카페,제주특별자치도,제주시,33.48032623,126.5234872
스타벅스,카페,제주특별자치도,서귀포시,33.46286872,126.9355007
스타벅스,카페,제주특별자치도,서귀포시,33.30497034,126.316352
파티세리쥬레,카페,제주특별자치도,제주시,33.47891477,126.4669247
스타벅스,카페,제주특별자치도,제주시,33.50729521,126.5408176
스타벅스,카페,제주특별자치도,서귀포시,33.20677207,126.2899707
스타벅스,카페,제주특별자치도,제주시,33.51669033,126.5035583
멜로우베이킹카페,카페,제주특별자치도,제주시,33.53394135,126.6761745
디스트로,카페,제주특별자치도,제주시,33.47019377,126.5430358
스타벅스,카페,제주특별자치도,서귀포시,33.24952039,126.5067161
스타벅스,카페,제주특별자치도,제주시,33.48782272,126.4818588
유리한커피,카페,제주특별자치도,제주시,33.48998578,126.5387031
이오스,카페,제주특별자치도,서귀포시,33.34905457,126.8281866
무제,카페,제주특별자치도,제주시,33.51208951,126.5282426
스타벅스,카페,제주특별자치도,서귀포시,33.25122161,126.412672
원주다방,카페,제주특별자치도,서귀포시,33.24953686,126.5642326
메가엠지씨커피제주외도점,카페,제주특별자치도,제주시,33.48853573,126.4306582
카페멜록,카페,제주특별자치도,제주시,33.46736074,126.3387029
온당,카페,제주특별자치도,제주시,33.55434002,126.7479555
소길언제나,카페,제주특별자치도,제주시,33.44121877,126.3796164
솔트스톤시티,카페,제주특별자치도,제주시,33.49782953,126.529084
스타벅스,카페,제주특별자치도,제주시,33.51173631,126.5804342
차롱가게,카페,제주특별자치도,서귀포시,33.29194292,126.5278956
안녕소깍,카페,제주특별자치도,서귀포시,33.2586603,126.6247364
고산의낮고산의밤,카페,제주특별자치도,제주시,33.30339528,126.1797351
해가커피,카페,제주특별자치도,서귀포시,33.25035467,126.3236667
송악산농장카페,카페,제주특별자치도,서귀포시,33.208177,126.2896912
테이크타임커피로스터스,카페,제주특별자치도,제주시,33.34464271,126.1769423
담다제주,카페,제주특별자치도,서귀포시,33.36044863,126.7659863
코데인커피앙투라지,카페,제주특별자치도,서귀포시,33.24850319,126.5071296
하양한,카페,제주특별자치도,제주시,33.54274147,126.6628769
오아시스인제주,카페,제주특별자치도,제주시,33.51379472,126.5479085
커피91로,카페,제주특별자치도,제주시,33.5058148,126.5354981
수북,카페,제주특별자치도,제주시,33.50300264,126.5285502
온듯,카페,제주특별자치도,제주시,33.5174902,126.4984517
킁킁,카페,제주특별자치도,제주시,33.46614942,126.5086766
빽다방제주이도초교점,카페,제주특별자치도,제주시,33.4890576,126.5340058
컴포즈커피제주이호테우점,카페,제주특별자치도,제주시,33.49689115,126.4521472
해온제과,카페,제주특별자치도,제주시,33.53606655,126.6332209
2투1카페,카페,제주특별자치도,제주시,33.48906994,126.4934938
그린루스카,카페,제주특별자치도,제주시,33.50534039,126.5152139
달타냥,카페,제주특별자치도,서귀포시,33.26667247,126.6206666
업소명없음,카페,제주특별자치도,서귀포시,33.2375508,126.5169332
브라보커피웍스,카페,제주특별자치도,제주시,33.5215561,126.8609789
매머드익스프레스서귀포일호,카페,제주특별자치도,서귀포시,33.2519674,126.560572
컴포즈커피제주동초교점,카페,제주특별자치도,제주시,33.51337277,126.5338002
라스트플라츠커피,카페,제주특별자치도,제주시,33.48970156,126.5374349
한수풀마루,카페,제주특별자치도,제주시,33.41588987,126.2636324
카페이사벨,카페,제주특별자치도,제주시,33.47884271,126.5536525
컴포즈커피제주,카페,제주특별자치도,제주시,33.5421172,126.6653988
마리벨하모어촌계직영,카페,제주특별자치도,서귀포시,33.21043258,126.2575172
종이시계,카페,제주특별자치도,제주시,33.48533978,126.3917939
봄봄,카페,제주특별자치도,제주시,33.48913908,126.4754379
우지커피제주,카페,제주특별자치도,제주시,33.49223411,126.5371847
커브커피스토어,카페,제주특별자치도,제주시,33.52611549,126.577426
달보름,카페,제주특별자치도,제주시,33.53662109,126.8381089
금잔듸다방,카페,제주특별자치도,서귀포시,33.25081636,126.5640009
부리부리,카페,제주특별자치도,제주시,33.43565914,126.6908209
제주트립티,카페,제주특별자치도,제주시,33.46468205,126.5138161
동광과자점,카페,제주특별자치도,제주시,33.49948228,126.5346064
대성다방,카페,제주특별자치도,서귀포시,33.24840885,126.5665345
커피베이제주서귀포기업,카페,제주특별자치도,서귀포시,33.25309058,126.5620365
잔물결,카페,제주특별자치도,제주시,33.38805895,126.2296579
제주여행자2층,카페,제주특별자치도,제주시,33.41053926,126.262925
메가엠지씨커피제주롯데시티점,카페,제주특별자치도,제주시,33.4897347,126.4863344
베릴,카페,제주특별자치도,제주시,33.39755969,126.2425155
카페젠타일스,카페,제주특별자치도,서귀포시,33.26433223,126.6131854
더벤티제주세화점,카페,제주특별자치도,제주시,33.5229848,126.8567246
메가엠지씨커피제주버스,카페,제주특별자치도,제주시,33.50033355,126.5144455
팔길,카페,제주특별자치도,서귀포시,33.233896,126.383595
봄봄모슬포점,카페,제주특별자치도,서귀포시,33.22128259,126.253596
달리는커피제주도남,카페,제주특별자치도,제주시,33.49704232,126.5259783
시종일관,카페,제주특별자치도,제주시,33.42518546,126.2682418
빽다방탐라도서관점,카페,제주특별자치도,제주시,33.48001668,126.4779782
해일리,카페,제주특별자치도,서귀포시,33.46907161,126.9351518
정원,카페,제주특별자치도,제주시,33.51758558,126.9518211
앨리스케이커리제주,카페,제주특별자치도,서귀포시,33.28382611,126.3531332
컴포즈커피제주하귀점,카페,제주특별자치도,제주시,33.48673156,126.4149608
카페힐스,카페,제주특별자치도,제주시,33.94710328,126.3320735
커피베이제주회수점,카페,제주특별자치도,서귀포시,33.26748142,126.446876
카페봄봄한림점,카페,제주특별자치도,제주시,33.41441632,126.2644834
카페리나,카페,제주특별자치도,제주시,33.30054782,126.1799765
덤불,카페,제주특별자치도,제주시,33.4955863,126.4951776
투빅커피,카페,제주특별자치도,서귀포시,33.25918685,126.5598383
음파,카페,제주특별자치도,제주시,33.51243198,126.5211586
엔조이모몰리,카페,제주특별자치도,서귀포시,33.25274909,126.5572629
청자다방대흘,카페,제주특별자치도,제주시,33.49578583,126.6528791
부커피,카페,제주특별자치도,제주시,33.51890666,126.4920498
퍼스트커피랩제주,카페,제주특별자치도,제주시,33.49616148,126.5362276
내음커피바,카페,제주특별자치도,제주시,33.51531348,126.5296351
평대여카페,카페,제주특별자치도,제주시,33.5336432,126.8430775
모어모어,카페,제주특별자치도,제주시,33.52914521,126.8757151
다분한의도,카페,제주특별자치도,서귀포시,33.32593472,126.8332262
카페153,카페,제주특별자치도,제주시,33.43474851,126.4004272
컴포즈커피제주연동,카페,제주특별자치도,제주시,33.48645974,126.4945742
제주성산카페바다방책과와인,카페,제주특별자치도,서귀포시,33.37408394,126.8734645
이디야제주외도점,카페,제주특별자치도,제주시,33.49019697,126.4311639
그릭요것,카페,제주특별자치도,제주시,33.50940424,126.5146208
카페제주디어,카페,제주특별자치도,서귀포시,33.24533041,126.5654231
만디와산,카페,제주특별자치도,제주시,33.49473083,126.6796134
오늘도통통서귀포,카페,제주특별자치도,서귀포시,33.22130301,126.2570071
플랩잭스쥬스카페,카페,제주특별자치도,서귀포시,33.28403955,126.2742204
올레길카페,카페,제주특별자치도,서귀포시,33.30562659,126.7947917
달리는커피,카페,제주특별자치도,서귀포시,33.25308503,126.5029938
플레이스우도,카페,제주특별자치도,제주시,33.51453111,126.9571615
고도,카페,제주특별자치도,제주시,33.51899972,126.4949663
인무드,카페,제주특별자치도,서귀포시,33.30743746,126.3390751
에이프,카페,제주특별자치도,제주시,33.49865004,126.5314793
설문대,카페,제주특별자치도,제주시,33.41650177,126.2634337
메가엠지씨커피제주,카페,제주특별자치도,서귀포시,33.25235498,126.5030623
달비치까페,카페,제주특별자치도,제주시,33.55507964,126.7972082
카페동백부엉이,카페,제주특별자치도,제주시,33.5148089,126.7086114
일일커피,카페,제주특별자치도,제주시,33.50010359,126.527253
하이리브,카페,제주특별자치도,제주시,33.50866411,126.5919004
찌즈,카페,제주특별자치도,제주시,33.51233454,126.5169616
너흐,카페,제주특별자치도,서귀포시,33.27807664,126.2463936
시선,카페,제주특별자치도,제주시,33.38469592,126.2267429
카페봄봄한경점,카페,제주특별자치도,제주시,33.35312675,126.1851562
메가엠지씨커피제주,카페,제주특별자치도,제주시,33.49462085,126.5341159
춤추는염소들,카페,제주특별자치도,제주시,33.48312626,126.4929582
핀스,카페,제주특별자치도,서귀포시,33.26356099,126.1822219
오세요커피,카페,제주특별자치도,서귀포시,33.25732214,126.5073913
디저트39제주아라점,카페,제주특별자치도,제주시,33.47387376,126.545889
제주곶밭,카페,제주특별자치도,서귀포시,33.26479633,126.378527
빽다방제주도청점,카페,제주특별자치도,제주시,33.49199875,126.4975873
랍다:즐겁다,카페,제주특별자치도,서귀포시,33.24413149,126.525996
봄봄,카페,제주특별자치도,제주시,33.50369401,126.5422141
어른아이책방,카페,제주특별자치도,제주시,33.5522316,126.7075491
유인원,카페,제주특별자치도,서귀포시,33.28255638,126.2242098
그모르메,카페,제주특별자치도,제주시,33.35061535,126.306026
그레인,카페,제주특별자치도,제주시,33.49781203,126.6893411
네꼬야밀키티신산점,카페,제주특별자치도,서귀포시,33.38099356,126.8766463
에이바우트커피연동,카페,제주특별자치도,제주시,33.4785253,126.4900693
워터쉐드,카페,제주특별자치도,제주시,33.42390804,126.6754762
맛있는커피집,카페,제주특별자치도,서귀포시,33.25776631,126.414356
애월항커피사무소,카페,제주특별자치도,제주시,33.46708989,126.3202992
선한필름카페,카페,제주특별자치도,제주시,33.49642372,126.671913
할리스제주황사평드라이브스루점,카페,제주특별자치도,제주시,33.4971357,126.5560552
맨션다미,카페,제주특별자치도,제주시,33.46786165,126.5107539
소요유,카페,제주특별자치도,서귀포시,33.25422786,126.562385
에버그린,카페,제주특별자치도,제주시,33.52354503,126.6247267
컴포즈커피서귀포일호,카페,제주특별자치도,서귀포시,33.2530077,126.5615433
너흐,카페,제주특별자치도,제주시,33.46254165,126.4647875
폴비앙,카페,제주특별자치도,제주시,33.43356809,126.4214471
카페프룻,카페,제주특별자치도,제주시,33.48247637,126.4712066
봄봄제주도남,카페,제주특별자치도,제주시,33.49640447,126.528941
갤러리시인의공방카페,카페,제주특별자치도,서귀포시,33.26032111,126.5567954
차귀도베이커리,카페,제주특별자치도,제주시,33.30796063,126.1639941
델마펜션까페,카페,제주특별자치도,제주시,33.49358897,126.4276875
트레블러카페와투어,카페,제주특별자치도,제주시,33.47981439,126.5606516
세원,카페,제주특별자치도,제주시,33.52401924,126.8546669
성지오름,카페,제주특별자치도,제주시,33.5111676,126.5300127
카페로제뜨,카페,제주특별자치도,제주시,33.5013263,126.5193257
블루웨일,카페,제주특별자치도,서귀포시,33.23714713,126.2336878
브런치오,카페,제주특별자치도,제주시,33.47661952,126.3539957
포프,카페,제주특별자치도,서귀포시,33.22239505,126.260216
히읗커피,카페,제주특별자치도,제주시,33.51650065,126.5789366
당동,카페,제주특별자치도,제주시,33.46794585,126.3822122
홈스윗홈,카페,제주특별자치도,제주시,33.47950814,126.4814026
제제,카페,제주특별자치도,서귀포시,33.25852567,126.6249409
어둑,카페,제주특별자치도,제주시,33.39898247,126.2451903
퍼르,카페,제주특별자치도,제주시,33.48697456,126.5315207
점초도원,카페,제주특별자치도,제주시,33.42967084,126.4346236
카페인중독연동점,카페,제주특별자치도,제주시,33.48681753,126.4894827
연북로188,카페,제주특별자치도,제주시,33.48139357,126.5014465
하이오커피안덕점,카페,제주특별자치도,서귀포시,33.24655149,126.3323123
탐앤탐스블랙제주김녕점,카페,제주특별자치도,제주시,33.55543542,126.7370977
풀베개,카페,제주특별자치도,서귀포시,33.28551286,126.3032247
효돈빵오롯이,카페,제주특별자치도,서귀포시,33.25758755,126.615941
1800무드,카페,제주특별자치도,제주시,33.47175242,126.565286
카페보리,카페,제주특별자치도,서귀포시,33.3644841,126.8671711
윤아현커피,카페,제주특별자치도,제주시,33.51489929,126.5274093
제주커피로스테리아,카페,제주특별자치도,제주시,33.49268156,126.4752551
스타라파,카페,제주특별자치도,서귀포시,33.40114228,126.8741777
솔트스톤브이점,카페,제주특별자치도,제주시,33.49796472,126.5290725
메가엠지씨커피제주성산,카페,제주특별자치도,서귀포시,33.4651483,126.9326913
설빙외도일동점,카페,제주특별자치도,제주시,33.4880016,126.4321466
까페비엣,카페,제주특별자치도,제주시,33.43864615,126.2759253
카페알지니,카페,제주특별자치도,제주시,33.47673706,126.7849861
소소다정,카페,제주특별자치도,제주시,33.48514361,126.4128088
벨롱벨롱,카페,제주특별자치도,서귀포시,33.24444498,126.5302005
롱블랙,카페,제주특별자치도,제주시,33.52553571,126.5873
카페마음마루,카페,제주특별자치도,제주시,33.47076529,126.5439903
한번한봄,카페,제주특별자치도,제주시,33.51740032,126.623128
소랑인성산,카페,제주특별자치도,서귀포시,33.46154291,126.9346411
카렐베이크샵,카페,제주특별자치도,제주시,33.53514064,126.6280894
해화탕,카페,제주특별자치도,제주시,33.44331678,126.2916093
빽다방제주아라점,카페,제주특별자치도,제주시,33.47459607,126.5486393
커피프렌즈촬영지,카페,제주특별자치도,서귀포시,33.28865473,126.3072147
더로그,카페,제주특별자치도,제주시,33.45002835,126.5588982
제주와나,카페,제주특별자치도,제주시,33.50984204,126.5299553
천향보이차,카페,제주특별자치도,제주시,33.49245868,126.4976169
빽다방서귀포,카페,제주특별자치도,서귀포시,33.25506975,126.4161232
올드타운,카페,제주특별자치도,서귀포시,33.38441503,126.8031187
에린,카페,제주특별자치도,제주시,33.48995649,126.528524
에이바우트한라수목원점,카페,제주특별자치도,제주시,33.46958464,126.4886479
밭318,카페,제주특별자치도,제주시,33.49828705,126.9663705
포레스텔라인제주,카페,제주특별자치도,제주시,33.43080872,126.7465819
더시그니청,카페,제주특별자치도,제주시,33.48849263,126.4934218
서호웰니스카페,카페,제주특별자치도,서귀포시,33.25117745,126.5153988
사계절다방,카페,제주특별자치도,제주시,33.52375034,126.8560129
레스빠스,카페,제주특별자치도,서귀포시,33.31742554,126.7443546
블루샥제주,카페,제주특별자치도,서귀포시,33.25236289,126.5679422
탐나는농장감귤체험카페,카페,제주특별자치도,제주시,33.44803571,126.3585312
작은방,카페,제주특별자치도,제주시,33.53461586,126.6215245
카페연연,카페,제주특별자치도,제주시,33.4907209,126.4915473
카페라떼는,카페,제주특별자치도,제주시,33.48024056,126.3999633
빽다방제주이호테우점,카페,제주특별자치도,제주시,33.49681612,126.4514913
씨씨씨카페커브코너,카페,제주특별자치도,서귀포시,33.25403038,126.5575354
생각지못한기쁨,카페,제주특별자치도,서귀포시,33.31205348,126.3492846
순아,카페,제주특별자치도,제주시,33.51307816,126.5227265
워터라이프,카페,제주특별자치도,서귀포시,33.25345801,126.5691387
곱지당,카페,제주특별자치도,서귀포시,33.27305539,126.6577345
사오월,카페,제주특별자치도,서귀포시,33.23869589,126.3402902
투모로우,카페,제주특별자치도,서귀포시,33.24599166,126.6185777
파인더,카페,제주특별자치도,제주시,33.49857628,126.528671
젠틀도넛카페성산,카페,제주특별자치도,서귀포시,33.45079262,126.9147083
동립,카페,제주특별자치도,제주시,33.55042421,126.6946014
로미뮤직하우스,카페,제주특별자치도,제주시,33.48801195,126.7080126
제제그리너,카페,제주특별자치도,제주시,33.39738991,126.2427642
제주낭그늘,카페,제주특별자치도,제주시,33.32790158,126.2262569
사이,카페,제주특별자치도,제주시,33.33512725,126.2268804
터틀락,카페,제주특별자치도,서귀포시,33.27714478,126.3635407
늘이플,카페,제주특별자치도,서귀포시,33.24793488,126.2765899
러스틱테이블,카페,제주특별자치도,제주시,33.47644207,126.5480165
엔제리너스한라수목원점,카페,제주특별자치도,제주시,33.47054483,126.4919341
배호배호,카페,제주특별자치도,제주시,33.30379856,126.1793663
동희네,카페,제주특별자치도,제주시,33.35394833,126.183956
콤비,카페,제주특별자치도,서귀포시,33.2570368,126.5768158
런카페,카페,제주특별자치도,서귀포시,33.24825864,126.5674152
카페아이갓에브리씽공무원연금공단점,카페,제주특별자치도,서귀포시,33.25372468,126.5189153
유키모찌제주애월점,카페,제주특별자치도,제주시,33.46389391,126.3097179
휴게소신제주점,카페,제주특별자치도,제주시,33.48367865,126.4826366
베리모어,카페,제주특별자치도,제주시,33.4890121,126.536298
아이리스카페앤비어,카페,제주특별자치도,제주시,33.42201179,126.26214
에그서울인제주,카페,제주특별자치도,제주시,33.46407404,126.3096842
흘,카페,제주특별자치도,제주시,33.45809469,126.7109849
디니,카페,제주특별자치도,제주시,33.47682131,126.568413
제일다방,카페,제주특별자치도,서귀포시,33.22115695,126.2521919
샐럽올데이,카페,제주특별자치도,제주시,33.49221526,126.4976183
프레쎈트,카페,제주특별자치도,서귀포시,33.26383248,126.6177704
믈커피로스터스,카페,제주특별자치도,서귀포시,33.27690086,126.1912856
빽다방제주용문마을회관점,카페,제주특별자치도,제주시,33.50614491,126.5088812
세미콜론,카페,제주특별자치도,제주시,33.49315105,126.5413119
꿀집,카페,제주특별자치도,서귀포시,33.35636351,126.8616933
메가엠지씨커피제주중앙중점,카페,제주특별자치도,제주시,33.48584398,126.4983545
아지트원두왓,카페,제주특별자치도,제주시,33.48678484,126.5509002
놀당카페,카페,제주특별자치도,제주시,33.39668928,126.2446727
카페을리,카페,제주특별자치도,서귀포시,33.28401388,126.3650689
비굳커피,카페,제주특별자치도,제주시,33.48422859,126.5397773
메가엠지씨커피제주이호,카페,제주특별자치도,제주시,33.49575213,126.4576102
빽다방제주화북,카페,제주특별자치도,제주시,33.51913104,126.5652321
우리는,카페,제주특별자치도,제주시,33.50103044,126.5267852
커피가좋아,카페,제주특별자치도,제주시,33.4168613,126.2632479
아일랜드프로젝트646미터퍼세크,카페,제주특별자치도,제주시,33.36273724,126.193372
카페게이트제주,카페,제주특별자치도,제주시,33.50318438,126.5265582
만첩,카페,제주특별자치도,제주시,33.51393769,126.5211719
담소요,카페,제주특별자치도,서귀포시,33.29962907,126.6243249
콜레트커피,카페,제주특별자치도,서귀포시,33.23426348,126.5132391
카페인동광,카페,제주특별자치도,제주시,33.50786743,126.5419554
디저트39제주화북점,카페,제주특별자치도,제주시,33.52066356,126.5729531
커피마신붕어,카페,제주특별자치도,제주시,33.46997735,126.7863368
방탄카페영포에버,카페,제주특별자치도,제주시,33.45382972,126.6577144
메가엠지씨커피제주송악산점,카페,제주특별자치도,서귀포시,33.20776907,126.290885
일록일청,카페,제주특별자치도,서귀포시,33.42330165,126.913574
마르쉘터,카페,제주특별자치도,제주시,33.5104206,126.5399723
더벤티서귀포,카페,제주특별자치도,서귀포시,33.25087509,126.5118593
카페봄봄서홍점,카페,제주특별자치도,서귀포시,33.25726637,126.5572938
빽다방제주한림점,카페,제주특별자치도,제주시,33.40822439,126.2663416
빽다방서귀포호근동,카페,제주특별자치도,서귀포시,33.26181704,126.5367937
모아크루아상,카페,제주특별자치도,서귀포시,33.4065902,126.8959711
쉼카페,카페,제주특별자치도,제주시,33.499604,126.5239304
카페청굴물,카페,제주특별자치도,제주시,33.55798019,126.751294
우리의케이크,카페,제주특별자치도,서귀포시,33.26181704,126.5367937
메가엠지씨커피제주노형이편한세상점,카페,제주특별자치도,제주시,33.48324095,126.4686843
애월아시시,카페,제주특별자치도,제주시,33.47763447,126.3549887
모몽더티하우스,카페,제주특별자치도,제주시,33.34975655,126.1840489
에코푸드트럭,카페,제주특별자치도,제주시,33.94973845,126.329262
감성커피제주외도점,카페,제주특별자치도,제주시,33.48951144,126.431093
유수암카페리본,카페,제주특별자치도,제주시,33.42357668,126.4058262
메쉬커피제주,카페,제주특별자치도,제주시,33.51741737,126.5233915
이집카페,카페,제주특별자치도,서귀포시,33.2478962,126.5854228
이디야서귀포,카페,제주특별자치도,서귀포시,33.26048555,126.5599391
제주갈렙,카페,제주특별자치도,제주시,33.54539511,126.6414614
더벤티서귀포상창점,카페,제주특별자치도,서귀포시,33.28533095,126.3652097
카페봄봄아라점,카페,제주특별자치도,제주시,33.47775377,126.5418449
아네스,카페,제주특별자치도,제주시,33.51683341,126.5192615
컴포즈커피제주저지점,카페,제주특별자치도,제주시,33.31864653,126.2686501
카페공간,카페,제주특별자치도,제주시,33.47318036,126.4264662
브라운포레,카페,제주특별자치도,제주시,33.42644051,126.6716496
델픽제주스톤하우스,카페,제주특별자치도,서귀포시,33.22717545,126.2994716
온데프,카페,제주특별자치도,제주시,33.54466888,126.6491737
커피모,카페,제주특별자치도,서귀포시,33.32439989,126.8316933
봄봄회수점,카페,제주특별자치도,서귀포시,33.26324404,126.4449065
제주유기농마을,카페,제주특별자치도,서귀포시,33.2919058,126.7560025
프로브커피,카페,제주특별자치도,제주시,33.50944961,126.5263411
이때,카페,제주특별자치도,서귀포시,33.21832983,126.2528488
빽다방서귀포중문,카페,제주특별자치도,서귀포시,33.25109372,126.43172
그리울땐제주,카페,제주특별자치도,서귀포시,33.30097702,126.7706334
뭉실몽실,카페,제주특별자치도,제주시,33.48817866,126.5376474
택하다커피,카페,제주특별자치도,서귀포시,33.34542284,126.7634805
언제나달달,카페,제주특별자치도,서귀포시,33.25206677,126.4237299
가파도쉼팡,카페,제주특별자치도,서귀포시,33.17022427,126.2703783
서호주택,카페,제주특별자치도,서귀포시,33.25843792,126.5136953
노리카페앤샵,카페,제주특별자치도,제주시,33.4931614,126.5110098
리치망고협재점,카페,제주특별자치도,제주시,33.40240328,126.2517715
에스엘,카페,제주특별자치도,제주시,33.46955452,126.3409453
이제,카페,제주특별자치도,제주시,33.32241899,126.2481385
곰막다방,카페,제주특별자치도,제주시,33.55687771,126.7205204
제주밀연구회,카페,제주특별자치도,제주시,33.50100367,126.5983718
긍정동커피,카페,제주특별자치도,서귀포시,33.24737624,126.5600477
오르,카페,제주특별자치도,제주시,33.51135128,126.5429595
커피에반하다덕수점,카페,제주특별자치도,서귀포시,33.25212034,126.3037903
로스티드코너,카페,제주특별자치도,제주시,33.50253304,126.5166501
카페모들,카페,제주특별자치도,제주시,33.48897854,126.3892183
메가엠지씨커피제주서사로점,카페,제주특별자치도,제주시,33.50422339,126.5200954
게티하우스,카페,제주특별자치도,서귀포시,33.41821173,126.8440488
오랜,카페,제주특별자치도,제주시,33.49647757,126.5485796
한라;산도,카페,제주특별자치도,제주시,33.51379411,126.5260376
굿올데이즈,카페,제주특별자치도,서귀포시,33.23477182,126.4828091
1950스테이,카페,제주특별자치도,제주시,33.45053973,126.6646323
메가엠지씨커피제주동홍,카페,제주특별자치도,서귀포시,33.24896496,126.5708992
이든모아휴게점,카페,제주특별자치도,서귀포시,33.21005903,126.2583784
마보로시,카페,제주특별자치도,제주시,33.50933277,126.5124902
아몽즈커피제주연동점,카페,제주특별자치도,제주시,33.48023491,126.4892416
공든,카페,제주특별자치도,제주시,33.53874709,126.6403261
하나커피,카페,제주특별자치도,서귀포시,33.39910787,126.7847045
메가엠지씨커피제주위미감귤점,카페,제주특별자치도,서귀포시,33.27757872,126.6599818
샵토스트앤커피,카페,제주특별자치도,제주시,33.46864014,126.6108817
패스브루,카페,제주특별자치도,서귀포시,33.23726176,126.2894454
휘낭찬란,카페,제주특별자치도,제주시,33.50961619,126.5370168
가파도가는길휴게점,카페,제주특별자치도,서귀포시,33.21005903,126.2583784
제주휴게소,카페,제주특별자치도,제주시,33.47615987,126.5497501
베르디,카페,제주특별자치도,제주시,33.48820367,126.484568
카페레브,카페,제주특별자치도,제주시,33.50422589,126.5161026
더카페라운지,카페,제주특별자치도,서귀포시,33.23489574,126.5135252
웨스트사이드,카페,제주특별자치도,제주시,33.35575,126.1864747
참새사주까페,카페,제주특별자치도,제주시,33.47672361,126.6787437
카멜커피1,카페,제주특별자치도,제주시,33.55702922,126.8099215
우봉이,카페,제주특별자치도,제주시,33.54030817,126.6632417
빽다방제주보성,카페,제주특별자치도,제주시,33.50320627,126.5275697
투빅커피,카페,제주특별자치도,제주시,33.48704841,126.4821109
오너먼트커피,카페,제주특별자치도,제주시,33.49142967,126.5439358
웨스트311,카페,제주특별자치도,제주시,33.31740139,126.2548397
하모팜휴게점,카페,제주특별자치도,서귀포시,33.21005903,126.2583784
하이오커피,카페,제주특별자치도,서귀포시,33.25030067,126.5660745
오현길카페,카페,제주특별자치도,제주시,33.50692046,126.5274742
꽈작,카페,제주특별자치도,제주시,33.51305303,126.5139439
아무튼카페,카페,제주특별자치도,제주시,33.48528997,126.5439787
카페인중독제주아라점,카페,제주특별자치도,제주시,33.47332973,126.5450526
다운힐,카페,제주특별자치도,제주시,33.47406111,126.5478137
타임센트,카페,제주특별자치도,제주시,33.4533208,126.3085433
보블루,카페,제주특별자치도,제주시,33.50933195,126.8999705
베큠커피로스터스,카페,제주특별자치도,제주시,33.48826386,126.4817055
못,카페,제주특별자치도,서귀포시,33.27245743,126.6984064
리커버,카페,제주특별자치도,제주시,33.53606053,126.6251894
할리스제주애월천덕로점,카페,제주특별자치도,제주시,33.43284449,126.324674
산토리니,카페,제주특별자치도,제주시,33.49079205,126.4913102
내적친밀,카페,제주특별자치도,서귀포시,33.25211183,126.4598822
와흘리온,카페,제주특별자치도,제주시,33.5033388,126.6332621
카페티고,카페,제주특별자치도,제주시,33.50007318,126.7617694
해피라떼클럽,카페,제주특별자치도,서귀포시,33.2545713,126.5071706
게무로사,카페,제주특별자치도,제주시,33.47937155,126.4810807
빽다방제주애월항점,카페,제주특별자치도,제주시,33.46588341,126.3222449
샾피드,카페,제주특별자치도,서귀포시,33.41386913,126.756436
카페후추,카페,제주특별자치도,제주시,33.47307008,126.5406539
보통,카페,제주특별자치도,제주시,33.50392163,126.7657731
컨트리커피,카페,제주특별자치도,제주시,33.52680232,126.5886181
키에키커피스탠드,카페,제주특별자치도,제주시,33.52141354,126.5630894
메가엠지씨커피제주일주서로점,카페,제주특별자치도,제주시,33.49263067,126.4251759
커피콜라주,카페,제주특별자치도,제주시,33.48198654,126.4747494
네꼬야밀크티샵노형,카페,제주특별자치도,제주시,33.48418263,126.4845811
공차제주,카페,제주특별자치도,서귀포시,33.27927517,126.2750971
소뭇,카페,제주특별자치도,제주시,33.48119602,126.4733017
리치스그로서리,카페,제주특별자치도,제주시,33.5137945,126.5285024
카페가까이,카페,제주특별자치도,서귀포시,33.24270659,126.6175619
마이티커피,카페,제주특별자치도,제주시,33.48823456,126.5381313
파스쿠찌종합,카페,제주특별자치도,제주시,33.48957693,126.5235764
메가엠지씨커피서귀포효돈점,카페,제주특별자치도,서귀포시,33.26337588,126.6217756
카페오유,카페,제주특별자치도,서귀포시,33.25250828,126.5656773
사시사,카페,제주특별자치도,제주시,33.49013784,126.5432431
보드게임카페홈즈앤루팡제주연동점,카페,제주특별자치도,제주시,33.48815522,126.4902926
로타리다방,카페,제주특별자치도,서귀포시,33.24899822,126.5674866
와흘354,카페,제주특별자치도,제주시,33.47455529,126.6440988
베롱혼디,카페,제주특별자치도,서귀포시,33.26981103,126.2033504
카페더씨씨,카페,제주특별자치도,서귀포시,33.37720794,126.8778445
벌크커피삼도점,카페,제주특별자치도,제주시,33.50172967,126.5164071
퍼스트커피랩제주,카페,제주특별자치도,제주시,33.55724431,126.8033198
킨더플레이,카페,제주특별자치도,제주시,33.47536801,126.4598674
해맑음다방,카페,제주특별자치도,제주시,33.50751406,126.5247373
카페아난,카페,제주특별자치도,서귀포시,33.21249821,126.2546574
파크삼,카페,제주특별자치도,서귀포시,33.25635513,126.5113888
비밀역,카페,제주특별자치도,서귀포시,33.24180148,126.3325952
모아나카페,카페,제주특별자치도,제주시,33.50276753,126.5428001
싱귤벙귤휴게점,카페,제주특별자치도,서귀포시,33.21005903,126.2583784
올데이모즈,카페,제주특별자치도,제주시,33.50037455,126.6692077
멜케삼춘휴게점,카페,제주특별자치도,서귀포시,33.21005903,126.2583784
카페와일드가든,카페,제주특별자치도,서귀포시,33.24682043,126.5739142
카페블레스,카페,제주특별자치도,제주시,33.50073834,126.5282073
카페봄봄외도점,카페,제주특별자치도,제주시,33.49098108,126.4311049
현자커피,카페,제주특별자치도,서귀포시,33.31121261,126.7150141
사랑자유평화낭만,카페,제주특별자치도,제주시,33.5009182,126.5328446
염전의봄애월점,카페,제주특별자치도,제주시,33.46241151,126.3106547
아문커피,카페,제주특별자치도,서귀포시,33.26209366,126.5360195
롤롤,카페,제주특별자치도,서귀포시,33.24533041,126.5654231
느린빙수,카페,제주특별자치도,제주시,33.47691966,126.5405906
슬며시,카페,제주특별자치도,제주시,33.54331798,126.6727695
쿠리,카페,제주특별자치도,서귀포시,33.38634763,126.8843986
대원미디어코리코카페제주점,카페,제주특별자치도,제주시,33.43651339,126.7324994
오다윤카페,카페,제주특별자치도,제주시,33.49011428,126.5020206
킥커피,카페,제주특별자치도,제주시,33.48170354,126.482487
무르무르,카페,제주특별자치도,제주시,33.48973356,126.488239
도바나,카페,제주특별자치도,제주시,33.50991268,126.5201608
체프메이트커피,카페,제주특별자치도,제주시,33.5175838,126.5197956
카페다각,카페,제주특별자치도,제주시,33.48879309,126.6673687
하고야까페,카페,제주특별자치도,제주시,33.51397207,126.9570433
옹포정미소,카페,제주특별자치도,제주시,33.40508591,126.2555861
어드브레드,카페,제주특별자치도,제주시,33.5134056,126.5281816
선문,카페,제주특별자치도,제주시,33.51182618,126.5207099
멜로우프루츠,카페,제주특별자치도,제주시,33.49612806,126.5345275
캄포,카페,제주특별자치도,제주시,33.46292551,126.5402234
용수씨,카페,제주특별자치도,제주시,33.3291493,126.1655209
캐롤,카페,제주특별자치도,서귀포시,33.26411751,126.613723
싱그러우니,카페,제주특별자치도,서귀포시,33.26410794,126.3760956
하나카페,카페,제주특별자치도,서귀포시,33.25833479,126.5126871
에이치,카페,제주특별자치도,제주시,33.49308902,126.9518562
또똣쉼팡제주,카페,제주특별자치도,제주시,33.51084005,126.8921225
카페브루,카페,제주특별자치도,서귀포시,33.21185456,126.2570869
멜빌,카페,제주특별자치도,서귀포시,33.30821091,126.7822222
커피마마제주금능해변,카페,제주특별자치도,제주시,33.38891675,126.2327779
온화미담,카페,제주특별자치도,제주시,33.51641064,126.5409093
또시,카페,제주특별자치도,제주시,33.40527002,126.2607444
모페,카페,제주특별자치도,서귀포시,33.43639763,126.9203682
테로,카페,제주특별자치도,제주시,33.47474142,126.5440125
더윈썸,카페,제주특별자치도,제주시,33.43252324,126.2757288
누에보홍스랩,카페,제주특별자치도,제주시,33.40065413,126.3441855
에이바우트커피,카페,제주특별자치도,제주시,33.49505538,126.5345871
카페;메쥬,카페,제주특별자치도,서귀포시,33.25317377,126.5575183
제주포슬,카페,제주특별자치도,서귀포시,33.28113679,126.2235568
아꼬아체험농장카페,카페,제주특별자치도,서귀포시,33.29987808,126.6352755
카페가젠,카페,제주특별자치도,제주시,33.50395153,126.546044
모슬포영다방,카페,제주특별자치도,서귀포시,33.22075646,126.2515624
공차제주서귀포,카페,제주특별자치도,서귀포시,33.25375159,126.5628381
카페위유,카페,제주특별자치도,제주시,33.45464651,126.4571456
봄봄하귀점,카페,제주특별자치도,제주시,33.48110976,126.4044654
카페페이지,카페,제주특별자치도,제주시,33.51251537,126.5102014
무슈부부커피스탠드오리진,카페,제주특별자치도,제주시,33.5231567,126.857241
카페젠타일스,카페,제주특별자치도,서귀포시,33.32568646,126.8433761
스튜디오유엠엠,카페,제주특별자치도,제주시,33.49925449,126.5221352
밀물리,카페,제주특별자치도,서귀포시,33.24978875,126.4302691
오리움커피,카페,제주특별자치도,서귀포시,33.25350089,126.5763714
퐁치커피익스프레스,카페,제주특별자치도,제주시,33.50989426,126.5108404
카페1큐84,카페,제주특별자치도,제주시,33.46020837,126.3231496
월간레코드,카페,제주특별자치도,서귀포시,33.45994493,126.9307269
에이바우트커피외도점,카페,제주특별자치도,제주시,33.49072667,126.4306762
현스낵상점,카페,제주특별자치도,제주시,33.48827784,126.480737
산세라,카페,제주특별자치도,제주시,33.33207804,126.256111
카페요아정서귀포시청1,카페,제주특별자치도,서귀포시,33.24907746,126.5617883
감성커피,카페,제주특별자치도,제주시,33.48681075,126.4770444
홀수,카페,제주특별자치도,제주시,33.37391056,126.285005
메가엠지씨커피제주하귀농협하나로점,카페,제주특별자치도,제주시,33.48505936,126.412153
모니크,카페,제주특별자치도,서귀포시,33.25449173,126.4295089
유키즈,카페,제주특별자치도,제주시,33.48581527,126.4782985
쇄질,카페,제주특별자치도,제주시,33.44021887,126.3779889
빽다방제주동문,카페,제주특별자치도,제주시,33.51287793,126.526936
엘엘엘.에프,카페,제주특별자치도,서귀포시,33.26773757,126.1977775
컴포즈커피서귀포,카페,제주특별자치도,서귀포시,33.43857891,126.9193983
빽다방제주하귀점,카페,제주특별자치도,제주시,33.48419034,126.4114165
그릭볼,카페,제주특별자치도,제주시,33.48810983,126.4815235
골목사이카페,카페,제주특별자치도,서귀포시,33.24249032,126.5654371
제로플러스커피,카페,제주특별자치도,제주시,33.4888405,126.494711
카페더브릿지,카페,제주특별자치도,제주시,33.49776724,126.5292995
선미다방,카페,제주특별자치도,서귀포시,33.2464982,126.332463
빽다방제주법조,카페,제주특별자치도,제주시,33.49459457,126.5343205
사슴카페,카페,제주특별자치도,제주시,33.49601642,126.6579897
아구아비바,카페,제주특별자치도,제주시,33.53726746,126.618886
메가엠지씨커피제주애월항점,카페,제주특별자치도,제주시,33.46445838,126.3205026
메종메르미누,카페,제주특별자치도,서귀포시,33.27110706,126.2029952
심풀그리고잇닿다,카페,제주특별자치도,제주시,33.51341004,126.6334026
카페요아정제주삼화점,카페,제주특별자치도,제주시,33.51561842,126.5766805
요미그릭,카페,제주특별자치도,제주시,33.49264036,126.4331493
메고지고떡창고외도우정점,카페,제주특별자치도,제주시,33.48608832,126.4317287
어니스크,카페,제주특별자치도,제주시,33.49113905,126.4793426
카페요아정제주외도점,카페,제주특별자치도,제주시,33.48736384,126.4306982
달롱도르제주,카페,제주특별자치도,제주시,33.5078326,126.5398569
스타벅스,카페,제주특별자치도,제주시,33.45810482,126.3111728
선흘리2085,카페,제주특별자치도,제주시,33.48685706,126.7001079
빽다방한라대점,카페,제주특별자치도,제주시,33.47650147,126.4782145
오커스트,카페,제주특별자치도,제주시,33.5088896,126.5260751
초낭재,카페,제주특별자치도,서귀포시,33.31460143,126.8267723
매듭커피,카페,제주특별자치도,제주시,33.49903731,126.5458975
라라숲,카페,제주특별자치도,제주시,33.47409431,126.5495026
청단풍,카페,제주특별자치도,제주시,33.50259258,126.541811
책빵글라,카페,제주특별자치도,제주시,33.48369027,126.4986251
심쿵사,카페,제주특별자치도,제주시,33.52003046,126.5646141
파르다르,카페,제주특별자치도,서귀포시,33.24109408,126.5169029
골목커피,카페,제주특별자치도,제주시,33.48525737,126.4872001
백억커피제주,카페,제주특별자치도,제주시,33.50000314,126.5292874
트리플에이제주신,카페,제주특별자치도,서귀포시,33.24614524,126.5244507
봄봄,카페,제주특별자치도,서귀포시,33.25276319,126.5036824
카페아나소라,카페,제주특별자치도,제주시,33.49187532,126.6736841
헤이피피,카페,제주특별자치도,제주시,33.36492475,126.19982
더벤티제주김녕점,카페,제주특별자치도,제주시,33.55468038,126.7513035
포투이어스,카페,제주특별자치도,제주시,33.48719731,126.4810663
몽라브,카페,제주특별자치도,제주시,33.46683609,126.5276058
카페오션,카페,제주특별자치도,서귀포시,33.24589446,126.4129758
하로헌,카페,제주특별자치도,제주시,33.51178307,126.6738569
즈물,카페,제주특별자치도,제주시,33.30856867,126.2508345
연호제카페,카페,제주특별자치도,제주시,33.51622803,126.5306742
하니하니,카페,제주특별자치도,제주시,33.55806866,126.754966
카페마요피,카페,제주특별자치도,제주시,33.52442393,126.8884457
카페밀리,카페,제주특별자치도,제주시,33.5063764,126.6180852
비씨디,카페,제주특별자치도,제주시,33.48150367,126.4908265
플라잉애월,카페,제주특별자치도,제주시,33.48550691,126.3818401
오즈,카페,제주특별자치도,서귀포시,33.28416994,126.3001008
커피러스트,카페,제주특별자치도,제주시,33.48275001,126.7464308
메가엠지씨커피제주,카페,제주특별자치도,제주시,33.49160934,126.5929381
람번트,카페,제주특별자치도,제주시,33.41472406,126.2601375
무량제주,카페,제주특별자치도,서귀포시,33.27565723,126.6530873
라이스웨더,카페,제주특별자치도,제주시,33.51388364,126.5353904
힐링찻집,카페,제주특별자치도,제주시,33.46302231,126.7092044
찻잔속에,카페,제주특별자치도,제주시,33.49284706,126.5371491
냥다방,카페,제주특별자치도,제주시,33.46873906,126.3401877
은빌레,카페,제주특별자치도,서귀포시,33.31174864,126.7167949
신풍예가,카페,제주특별자치도,서귀포시,33.36105403,126.8339651
읍천리382제주연동점,카페,제주특별자치도,제주시,33.48153659,126.4900624
워크인커피바,카페,제주특별자치도,서귀포시,33.46382394,126.9345748
빽다방제주한경면수월봉점,카페,제주특별자치도,제주시,33.29949664,126.1737269
델리커시,카페,제주특별자치도,제주시,33.49310964,126.513894
가상순커피,카페,제주특별자치도,제주시,33.4753257,126.545989
빈투지,카페,제주특별자치도,제주시,33.51851878,126.5284875
우누커피,카페,제주특별자치도,제주시,33.51344422,126.5408604
우리다,카페,제주특별자치도,제주시,33.48720154,126.536738
하몽휴게점,카페,제주특별자치도,서귀포시,33.21005903,126.2583784
시온디저트카페,카페,제주특별자치도,제주시,33.49030771,126.4788957
제이이에스로스터리,카페,제주특별자치도,서귀포시,33.2865042,126.7253574
빔클라우드beamcloud,카페,제주특별자치도,제주시,33.44757162,126.3010282
카페1930,카페,제주특별자치도,서귀포시,33.25476388,126.5609765
공간서오,카페,제주특별자치도,제주시,33.45968744,126.7020623
밈피,카페,제주특별자치도,제주시,33.31677239,126.2673234
카페무물,카페,제주특별자치도,제주시,33.46655526,126.3381281
포크,카페,제주특별자치도,제주시,33.40912789,126.2590777
너리,카페,제주특별자치도,서귀포시,33.26756037,126.59075
아그당,카페,제주특별자치도,제주시,33.51655478,126.521814
러프라이프커피,카페,제주특별자치도,제주시,33.50076585,126.5307039
억새타르트,카페,제주특별자치도,서귀포시,33.28684051,126.3282055
한라빙,카페,제주특별자치도,서귀포시,33.25489859,126.5055805
벌크커피추자점,카페,제주특별자치도,제주시,33.95870413,126.2977631
카파드래곤제주점,카페,제주특별자치도,제주시,33.43876917,126.2957219
달코미커피,카페,제주특별자치도,제주시,33.46011568,126.3112322
요우르,카페,제주특별자치도,제주시,33.54930795,126.6541188
모리커피서귀포,카페,제주특별자치도,서귀포시,33.25284039,126.5026947
보테,카페,제주특별자치도,제주시,33.48751502,126.4794289
부나커피,카페,제주특별자치도,제주시,33.50415219,126.525014
컵비,카페,제주특별자치도,서귀포시,33.25283492,126.4339301
더퍼즈플레이스,카페,제주특별자치도,제주시,33.44079898,126.3301184
공차서귀포,카페,제주특별자치도,서귀포시,33.2554539,126.5069188
에이바우트커피아라스위첸점,카페,제주특별자치도,제주시,33.47305119,126.5453123
청담카페,카페,제주특별자치도,제주시,33.50879566,126.5227392
더벤티제주아라점,카페,제주특별자치도,제주시,33.47735291,126.5431596
나무밑,카페,제주특별자치도,서귀포시,33.24140237,126.6013335
하와이안비치카페,카페,제주특별자치도,서귀포시,33.43516052,126.9174658
영아리,카페,제주특별자치도,서귀포시,33.22671165,126.2987672
포포파이하우스,카페,제주특별자치도,서귀포시,33.25004218,126.5617835
카페던스페이스,카페,제주특별자치도,제주시,33.51951718,126.4936286
네버마인드Nvrmnd,카페,제주특별자치도,제주시,33.48818442,126.5367758
돈내코숲카페,카페,제주특별자치도,서귀포시,33.30445752,126.5701551
요정,카페,제주특별자치도,제주시,33.40972565,126.2655979
단델리온,카페,제주특별자치도,제주시,33.50431484,126.5181039
오뜨미르,카페,제주특별자치도,제주시,33.4872582,126.5326167
우호,카페,제주특별자치도,제주시,33.46479613,126.3196179
제철과사람,카페,제주특별자치도,서귀포시,33.25246965,126.5753784
카페수미,카페,제주특별자치도,서귀포시,33.3246543,126.8331427
오븐런,카페,제주특별자치도,제주시,33.4923038,126.495003
오띠모,카페,제주특별자치도,제주시,33.46425157,126.3272166
미스유얼웨이즈,카페,제주특별자치도,제주시,33.5208086,126.8789348
컴포즈커피,카페,제주특별자치도,서귀포시,33.24644534,126.5594193
카페붐비지,카페,제주특별자치도,서귀포시,33.25032297,126.5621469
삐삐아일랜드,카페,제주특별자치도,제주시,33.45907391,126.3521252
비에스엠엘,카페,제주특별자치도,제주시,33.48168434,126.4843699
이더리,카페,제주특별자치도,서귀포시,33.22787507,126.2690632
카페몽몽,카페,제주특별자치도,제주시,33.49243921,126.4733843
코히동시오리,카페,제주특별자치도,제주시,33.4833249,126.4714489
메종봉주르,카페,제주특별자치도,서귀포시,33.25964146,126.3542237
오라339,카페,제주특별자치도,제주시,33.48246224,126.5094238
펍65,카페,제주특별자치도,제주시,33.51332616,126.5262662
작은천국,카페,제주특별자치도,제주시,33.39883423,126.2445359
브리즈101,카페,제주특별자치도,제주시,33.4637643,126.3221754
소금,카페,제주특별자치도,서귀포시,33.28194633,126.7273469
귤바테,카페,제주특별자치도,서귀포시,33.28161299,126.6298124
송맛이야기,카페,제주특별자치도,서귀포시,33.25260124,126.5562549
봄차한잔,카페,제주특별자치도,제주시,33.4805862,126.4137863
싱싱프루츠삼화점,카페,제주특별자치도,제주시,33.51727139,126.5882865
씨2떠블유2,카페,제주특별자치도,제주시,33.48159374,126.4864362
아라댕댕,카페,제주특별자치도,제주시,33.4745663,126.5405384
카페굿모닝,카페,제주특별자치도,제주시,33.49121404,126.5441414
솔바르,카페,제주특별자치도,서귀포시,33.36406791,126.8658286
레피스,카페,제주특별자치도,제주시,33.49776518,126.5456566
이디야커피제주애월하나로마트점,카페,제주특별자치도,제주시,33.46042699,126.3219109
컴포즈커피제주베라체점,카페,제주특별자치도,제주시,33.49220003,126.5425759
곤트란쉐리에제주,카페,제주특별자치도,제주시,33.47054409,126.4851997
빽다방빵연구소호텔더,카페,제주특별자치도,서귀포시,33.2595323,126.4064992
모먼트이루다,카페,제주특별자치도,제주시,33.46998696,126.5431875
메가엠지씨커피제주동광육,카페,제주특별자치도,서귀포시,33.31056357,126.3403079
스타벅스,카페,제주특별자치도,제주시,33.34793548,126.3593199
컴포즈커피제주대학교점,카페,제주특별자치도,제주시,33.46036145,126.5616533
빽다방제주신비로점,카페,제주특별자치도,제주시,33.45008149,126.4860735
카페라엘라,카페,제주특별자치도,제주시,33.48573986,126.4324196
메가엠지씨커피제주저지점,카페,제주특별자치도,제주시,33.33309138,126.2567039
무릉농원카페,카페,제주특별자치도,서귀포시,33.26428196,126.555026
빽다방제주월정리점,카페,제주특별자치도,제주시,33.55586098,126.7953542
컴포즈커피제주드림,카페,제주특별자치도,제주시,33.48424291,126.4817402
투썸플레이스영어도시점,카페,제주특별자치도,서귀포시,33.28072702,126.278241
메가엠지씨커피제주,카페,제주특별자치도,서귀포시,33.25160785,126.4239261
카페위더스,카페,제주특별자치도,제주시,33.48084573,126.5019768
컴포즈커피서귀포,카페,제주특별자치도,서귀포시,33.24642251,126.3301244
카페그린,카페,제주특별자치도,서귀포시,33.24640383,126.5213483
카미커피,카페,제주특별자치도,제주시,33.49726526,126.5300663
카페묵담墨談,카페,제주특별자치도,제주시,33.3458311,126.2114137
달오름,카페,제주특별자치도,서귀포시,33.24665428,126.5675733
스타벅스,카페,제주특별자치도,서귀포시,33.22739455,126.2579532
딜라이트,카페,제주특별자치도,제주시,33.46704245,126.5087899
위카페제주한라,카페,제주특별자치도,제주시,33.49046755,126.4847806
빽다방제주종합경,카페,제주특별자치도,제주시,33.49421881,126.5185687
스타벅스,카페,제주특별자치도,제주시,33.4834169,126.4761287
스타벅스,카페,제주특별자치도,제주시,33.50063108,126.5053288
메가엠지씨커피서귀포감산점,카페,제주특별자치도,서귀포시,33.25972877,126.3571528
스타벅스,카페,제주특별자치도,제주시,33.43553717,126.7313518
나무사이로커피,카페,제주특별자치도,서귀포시,33.41349167,126.7524915
스타벅스,카페,제주특별자치도,서귀포시,33.24826378,126.5637238
스타벅스,카페,제주특별자치도,제주시,33.46330177,126.4509925
스타벅스,카페,제주특별자치도,제주시,33.49097285,126.4741464
찻집여백,카페,제주특별자치도,서귀포시,33.24227364,126.4452108
무아,카페,제주특별자치도,제주시,33.49436497,126.5428766
스타벅스,카페,제주특별자치도,서귀포시,33.28293738,126.7189169
빵금소소금빵,카페,제주특별자치도,제주시,33.51821676,126.5771953
스타벅스,카페,제주특별자치도,제주시,33.52299853,126.8530539
스타벅스,카페,제주특별자치도,제주시,33.46892728,126.4844885
카페인중독제주삼화점,카페,제주특별자치도,제주시,33.51783638,126.5793391
중문다방,카페,제주특별자치도,서귀포시,33.25154612,126.4300967
브리릭,카페,제주특별자치도,제주시,33.50937794,126.5217674
망상,카페,제주특별자치도,제주시,33.51490159,126.528012
데저트알씨,카페,제주특별자치도,제주시,33.48697456,126.5315207
리타르스튜디오,카페,제주특별자치도,서귀포시,33.2583188,126.6221301
원다방,카페,제주특별자치도,서귀포시,33.32429224,126.8321016
카페게이트제주,카페,제주특별자치도,제주시,33.48951801,126.5389853
카페요아정제주,카페,제주특별자치도,제주시,33.50656537,126.5409398
롤스커피,카페,제주특별자치도,서귀포시,33.27689666,126.3608698
기적회신,카페,제주특별자치도,제주시,33.50898787,126.5305734
메라키카페,카페,제주특별자치도,제주시,33.49619287,126.4935815
제주탱이점방,카페,제주특별자치도,서귀포시,33.25394474,126.563921
하도리안,카페,제주특별자치도,제주시,33.5259876,126.892868
선흘에서,카페,제주특별자치도,제주시,33.45835707,126.7037341
백마베이크,카페,제주특별자치도,제주시,33.51025549,126.5202127
별가게,카페,제주특별자치도,제주시,33.52134659,126.955382
나와산,카페,제주특별자치도,제주시,33.48043261,126.6800642
생각할때남녕,카페,제주특별자치도,제주시,33.48888986,126.4826379
빽다방제주연동사장1길점,카페,제주특별자치도,제주시,33.485137,126.4908053
제주트립티산지,카페,제주특별자치도,제주시,33.51509277,126.5284954
베터플랫제주,카페,제주특별자치도,제주시,33.5182457,126.5230964
바당앞카페,카페,제주특별자치도,제주시,33.52601502,126.5744123
수집,카페,제주특별자치도,제주시,33.49486171,126.5431107
카페인큐브,카페,제주특별자치도,제주시,33.45289819,126.5725541
케케커피,카페,제주특별자치도,제주시,33.52933909,126.5923416
봄봄제주서귀강정점,카페,제주특별자치도,서귀포시,33.23469788,126.4889143
가이아띠어리,카페,제주특별자치도,서귀포시,33.45626228,126.9102929
무이카,카페,제주특별자치도,제주시,33.48058078,126.4813424
뿌리와열매,카페,제주특별자치도,제주시,33.4717943,126.7838579
옛날카페,카페,제주특별자치도,제주시,33.5409425,126.667772
시도,카페,제주특별자치도,제주시,33.48888555,126.4421585
카페바당,카페,제주특별자치도,제주시,33.53849425,126.6340396
오아시스80,카페,제주특별자치도,제주시,33.46300132,126.3097142
카페브리프,카페,제주특별자치도,제주시,33.45834389,126.4156785
포레스트제이카우셰드,카페,제주특별자치도,서귀포시,33.25540836,126.3311933
빠빠라기,카페,제주특별자치도,제주시,33.50000314,126.5292874
제주둥지,카페,제주특별자치도,제주시,33.40084444,126.2534187
만남,카페,제주특별자치도,제주시,33.55702922,126.8099215
오하이츄러스,카페,제주특별자치도,제주시,33.42583644,126.395822
휘카,카페,제주특별자치도,제주시,33.51559656,126.5119169
마이크로하비타트,카페,제주특별자치도,제주시,33.4178941,126.2640885
청옥헌,카페,제주특별자치도,서귀포시,33.24941415,126.2720602
공차제주,카페,제주특별자치도,제주시,33.51711699,126.5226505
요거트가족,카페,제주특별자치도,제주시,33.49260528,126.4742764
단풍정원,카페,제주특별자치도,제주시,33.49228283,126.4338296
에이바우트커피인제점,카페,제주특별자치도,제주시,33.50499049,126.541723
복고다방,카페,제주특별자치도,제주시,33.49260528,126.4742764
빽다방제주,카페,제주특별자치도,제주시,33.49992688,126.5282009
카페일리터제주,카페,제주특별자치도,제주시,33.47864425,126.4796433
빽다방서귀포516로점,카페,제주특별자치도,서귀포시,33.29126884,126.5949337
지니귤카페,카페,제주특별자치도,서귀포시,33.28734223,126.6662134
잔물결시티로스터스,카페,제주특별자치도,제주시,33.48944261,126.4789977
우프,카페,제주특별자치도,서귀포시,33.28046523,126.6319426
카페제주웰컴,카페,제주특별자치도,제주시,33.48621789,126.4994068
카페아이갓에브리씽제주헬스케어타운의료서비스,카페,제주특별자치도,서귀포시,33.28362907,126.5595868
오프리르제주,카페,제주특별자치도,서귀포시,33.25012601,126.5625449
휘당,카페,제주특별자치도,제주시,33.50434978,126.4973975
리프트커피,카페,제주특별자치도,제주시,33.47568702,126.5486444
설빙제주,카페,제주특별자치도,제주시,33.50703335,126.5407113
오동다방,카페,제주특별자치도,제주시,33.50015555,126.5290606
파스쿠찌제주도남점,카페,제주특별자치도,제주시,33.49590246,126.5273296
용두암해수랜드2층매점,카페,제주특별자치도,제주시,33.51610776,126.5044227
남원드림센터운영협의회,카페,제주특별자치도,서귀포시,33.2773233,126.716305
텐퍼센트제주,카페,제주특별자치도,제주시,33.4924981,126.5354508
평화다방,카페,제주특별자치도,제주시,33.50110763,126.5304868
차마실,카페,제주특별자치도,제주시,33.48462451,126.4155237
마르Marrr,카페,제주특별자치도,서귀포시,33.47180032,126.9149998
잔잔히,카페,제주특별자치도,제주시,33.47355981,126.3620547
숨비나리카페,카페,제주특별자치도,서귀포시,33.28210653,126.3484334
커피룸,카페,제주특별자치도,제주시,33.55553743,126.7959795
고븐달,카페,제주특별자치도,제주시,33.50143445,126.9694472
그린마일커피(제,카페,제주특별자치도,제주시,33.44205041,126.3133108
메가엠지씨커피제주광양,카페,제주특별자치도,제주시,33.50084739,126.5284327
황제다방,카페,제주특별자치도,서귀포시,33.24741449,126.565799
지앤엘제주양와당제주,카페,제주특별자치도,제주시,33.48107694,126.5241071
와요커피제주아라점,카페,제주특별자치도,제주시,33.47752274,126.5501519
카페낭뜰,카페,제주특별자치도,제주시,33.3566228,126.2985008
아꼬왓,카페,제주특별자치도,제주시,33.45072807,126.3737408
비밀역2,카페,제주특별자치도,서귀포시,33.24180148,126.3325952
스키즈키샵,카페,제주특별자치도,제주시,33.51708177,126.5371278
동수,카페,제주특별자치도,제주시,33.4866226,126.4903124
안티코,카페,제주특별자치도,제주시,33.51206578,126.707652
공터하우스,카페,제주특별자치도,제주시,33.50922039,126.516021
카페요아정제주,카페,제주특별자치도,제주시,33.5421172,126.6653988
카페봄봄서귀서광리점,카페,제주특별자치도,서귀포시,33.28590339,126.3333332
스탠스커피,카페,제주특별자치도,제주시,33.49686136,126.5353307
알프스제주,카페,제주특별자치도,서귀포시,33.39864166,126.8025492
카페희스토리,카페,제주특별자치도,제주시,33.50509118,126.4676791
카페인팜,카페,제주특별자치도,제주시,33.46766207,126.3565579
돌셋,카페,제주특별자치도,서귀포시,33.21199468,126.291945
일조카페,카페,제주특별자치도,제주시,33.52306572,126.8565307
홍콩다방,카페,제주특별자치도,제주시,33.48777462,126.4898214
근호다방,카페,제주특별자치도,서귀포시,33.44725832,126.9147333
키라라,카페,제주특별자치도,제주시,33.49347157,126.5426553
키아오라카페,카페,제주특별자치도,서귀포시,33.43430401,126.9048958
여우다방,카페,제주특별자치도,제주시,33.52332566,126.855217
카페하나로,카페,제주특별자치도,제주시,33.50378787,126.5531048
햅브,카페,제주특별자치도,제주시,33.4723309,126.5480486
윔블던,카페,제주특별자치도,제주시,33.49181335,126.4941235
카페위드썸,카페,제주특별자치도,서귀포시,33.24602347,126.3347306
귀빈다방,카페,제주특별자치도,서귀포시,33.24813312,126.5676197
구둠,카페,제주특별자치도,제주시,33.40789666,126.2582281
모모찌,카페,제주특별자치도,제주시,33.55639099,126.79419
이런공간,카페,제주특별자치도,제주시,33.46543434,126.4013885
모스트,카페,제주특별자치도,제주시,33.48374238,126.4871229
제피로스,카페,제주특별자치도,제주시,33.31758726,126.1690138
벨로씨,카페,제주특별자치도,서귀포시,33.47729671,126.8984688
봄이카페,카페,제주특별자치도,제주시,33.42967084,126.4346236
그디행복,카페,제주특별자치도,제주시,33.51141115,126.5300437
아방호두과자어멍갤러리,카페,제주특별자치도,제주시,33.48685198,126.6500311
바크모스,카페,제주특별자치도,제주시,33.38062888,126.3091407
청사별곡,카페,제주특별자치도,제주시,33.48929881,126.523933
타임센트,카페,제주특별자치도,제주시,33.4533208,126.3085433
곰세기카페,카페,제주특별자치도,서귀포시,33.34214766,126.856205
그래카페,카페,제주특별자치도,제주시,33.47168156,126.5357986
팜앤카페살리다,카페,제주특별자치도,제주시,33.43674718,126.2703492
플레이커피랩,카페,제주특별자치도,서귀포시,33.25206677,126.4237299
카페트와,카페,제주특별자치도,서귀포시,33.45127741,126.9117393
빽다방제주애월좋은마트점,카페,제주특별자치도,제주시,33.47099184,126.365871
청양커피로스터리,카페,제주특별자치도,제주시,33.50034313,126.5309752
취향의섬,카페,제주특별자치도,서귀포시,33.27438384,126.6898234
카페연우,카페,제주특별자치도,제주시,33.29456045,126.167654
스타벅스,카페,제주특별자치도,서귀포시,33.25541713,126.5777787
에이바우트커피신제주점,카페,제주특별자치도,제주시,33.48170354,126.482487
빽다방서귀포동홍,카페,제주특별자치도,서귀포시,33.25742255,126.5736051
늘웃,카페,제주특별자치도,서귀포시,33.2148619,126.2731938
돌염전소금커피,카페,제주특별자치도,제주시,33.48248426,126.3759763
무히어Muhere,카페,제주특별자치도,서귀포시,33.26343233,126.6408147
탄,카페,제주특별자치도,제주시,33.51499275,126.5259127
까떼커피표선점,카페,제주특별자치도,서귀포시,33.32545084,126.8424314
피노스커피,카페,제주특별자치도,제주시,33.48883778,126.4766771
연동제이,카페,제주특별자치도,제주시,33.4883156,126.489829
나우커피제주삼도점,카페,제주특별자치도,제주시,33.5002533,126.5239699
동명동락,카페,제주특별자치도,제주시,33.39480258,126.2744941
얼리버드커피하우스,카페,제주특별자치도,제주시,33.50253353,126.5284774
정오의물결,카페,제주특별자치도,서귀포시,33.24480792,126.5166786
선다방,카페,제주특별자치도,서귀포시,33.28016294,126.7200636
코코,카페,제주특별자치도,제주시,33.49009068,126.4917662
12월,카페,제주특별자치도,제주시,33.50953082,126.5895285
카페903,카페,제주특별자치도,서귀포시,33.23804528,126.511952
빽다방빵연구소제주합동,카페,제주특별자치도,제주시,33.49013111,126.5270274
백억커피제주,카페,제주특별자치도,제주시,33.5141342,126.5253792
숲의아이,카페,제주특별자치도,서귀포시,33.31105793,126.7223596
제주과,카페,제주특별자치도,제주시,33.48910894,126.4789782
이디야커피제주,카페,제주특별자치도,서귀포시,33.25490452,126.4097713
코메트이에프,카페,제주특별자치도,제주시,33.49693475,126.4497795
아워메이,카페,제주특별자치도,서귀포시,33.25598438,126.5203731
컴포즈커피제주뉴월드화북마트점,카페,제주특별자치도,제주시,33.51970763,126.5702775
류지커피로스터스,카페,제주특별자치도,서귀포시,33.24728109,126.5611856
카름,카페,제주특별자치도,제주시,33.50167197,126.5415468
컴포즈커피서귀포위미점,카페,제주특별자치도,서귀포시,33.27476917,126.6579854
벌크커피제주,카페,제주특별자치도,제주시,33.49928396,126.5298402
캣우먼카페엔커피숍,카페,제주특별자치도,서귀포시,33.24870892,126.5672627
팥팥,카페,제주특별자치도,제주시,33.45026843,126.481168
일일커피제주화북점,카페,제주특별자치도,제주시,33.51950178,126.5655424
투에스,카페,제주특별자치도,서귀포시,33.30787578,126.7762849
차화술,카페,제주특별자치도,제주시,33.5099161,126.5328501
정다방,카페,제주특별자치도,제주시,33.48770033,126.4914897
컴포즈커피제주외도,카페,제주특별자치도,제주시,33.48793504,126.4313939
테마라운지,카페,제주특별자치도,서귀포시,33.26222076,126.4280098
사운드프레소제주연동점,카페,제주특별자치도,제주시,33.4769154,126.4888415
백억커피제주연동점,카페,제주특별자치도,제주시,33.48603057,126.4910475
굿핸드,카페,제주특별자치도,서귀포시,33.25456169,126.5754541
어놀문화센터삼화지구점,카페,제주특별자치도,제주시,33.5134961,126.5809315
뺵다방제주서광로동성길점,카페,제주특별자치도,제주시,33.49978583,126.5104345
카페동화,카페,제주특별자치도,제주시,33.51800134,126.5774762
담안,카페,제주특별자치도,제주시,33.50594461,126.4669635
뉴트커피,카페,제주특별자치도,제주시,33.48746432,126.4999591
커피정원,카페,제주특별자치도,서귀포시,33.43900812,126.8637562
고성리안,카페,제주특별자치도,서귀포시,33.4507833,126.9142674
돌담길찻집,카페,제주특별자치도,서귀포시,33.25032735,126.3023988
메가엠지씨커피제주평화로무수천점,카페,제주특별자치도,제주시,33.46219594,126.4496656
브라운터틀,카페,제주특별자치도,제주시,33.51417948,126.9571509
나풀,카페,제주특별자치도,제주시,33.52479282,126.5862271
카페수,카페,제주특별자치도,제주시,33.46893751,126.4005576
봄봄안덕,카페,제주특별자치도,서귀포시,33.24629207,126.331016
기분존카페,카페,제주특별자치도,제주시,33.32500012,126.2575566
우도의아침,카페,제주특별자치도,제주시,33.50227291,126.9692962
제주오션뷰카페마녀의언덕,카페,제주특별자치도,서귀포시,33.23402652,126.3844631
네이키드,카페,제주특별자치도,제주시,33.49860362,126.5311244
콩지쿡,카페,제주특별자치도,제주시,33.46792895,126.3878923
비더커피,카페,제주특별자치도,제주시,33.31075584,126.2209106
떡기리제주점,카페,제주특별자치도,제주시,33.33910412,126.2255671
뉴은하수카페,카페,제주특별자치도,서귀포시,33.22119424,126.2538971
카페봄봄제주오일장점,카페,제주특별자치도,제주시,33.49337083,126.4848172
져스터원더노트,카페,제주특별자치도,제주시,33.55656245,126.7287594
스타독스,카페,제주특별자치도,제주시,33.50462438,126.5426828
메가엠지씨커피제주오라정실점,카페,제주특별자치도,제주시,33.47157375,126.5078499
빽다방제주연북로점,카페,제주특별자치도,제주시,33.4813412,126.4842429
카페산들랑,카페,제주특별자치도,제주시,33.51320491,126.8588826
어니스트밀크,카페,제주특별자치도,서귀포시,33.45041315,126.8718803
풀잎들커피아카이브,카페,제주특별자치도,제주시,33.49699703,126.5402801
더벤티모슬포점,카페,제주특별자치도,서귀포시,33.22409951,126.2557498
카페범,카페,제주특별자치도,서귀포시,33.23150297,126.5059912
플러피,카페,제주특별자치도,제주시,33.43024323,126.263651
망고레이애월,카페,제주특별자치도,제주시,33.48178295,126.4001033
컬쳐앤브런치씨앤비카페,카페,제주특별자치도,서귀포시,33.24590814,126.4294788
공탱크,카페,제주특별자치도,제주시,33.38838898,126.2290854
마노커피하우스,카페,제주특별자치도,서귀포시,33.2513556,126.4239706
좋은사람좋은커피협동조합,카페,제주특별자치도,서귀포시,33.2513556,126.4239706
협재노랑대문,카페,제주특별자치도,제주시,33.39909764,126.2463395
본카페,카페,제주특별자치도,제주시,33.46777599,126.3320732
제주외도가야카페,카페,제주특별자치도,제주시,33.48897754,126.4306661
오우너스원,카페,제주특별자치도,제주시,33.42568885,126.6570937
블레스크,카페,제주특별자치도,제주시,33.513617,126.524521
린앤모닝,카페,제주특별자치도,제주시,33.47892679,126.4978672
메가엠지씨커피제주삼화초점,카페,제주특별자치도,제주시,33.51444114,126.5751578
오사카커피,카페,제주특별자치도,제주시,33.51565645,126.5250049
금호커피숍,카페,제주특별자치도,서귀포시,33.24982105,126.5655725
컴포즈커피서귀포올레,카페,제주특별자치도,서귀포시,33.24769482,126.5634584
더벤티제주노형이편한세상점,카페,제주특별자치도,제주시,33.48442128,126.4706138
우호적무관심,카페,제주특별자치도,제주시,33.33772492,126.2672125
메가엠지씨커피제주,카페,제주특별자치도,제주시,33.48851806,126.5392058
테마라운지2,카페,제주특별자치도,서귀포시,33.26222076,126.4280098
고망고제주연동점,카페,제주특별자치도,제주시,33.48799374,126.4904873
어오케이커피제주,카페,제주특별자치도,서귀포시,33.25083819,126.4251652
오롯커피,카페,제주특별자치도,제주시,33.49076541,126.518491
코지스테이무인카페,카페,제주특별자치도,제주시,33.51044372,126.5246029
커피빈제주동문,카페,제주특별자치도,제주시,33.51287129,126.5275603
모이세카페,카페,제주특별자치도,제주시,33.49019398,126.4883869
벤티프레소하효점,카페,제주특별자치도,서귀포시,33.26174026,126.6176292
몽크커피,카페,제주특별자치도,제주시,33.50596686,126.5375851
또뜻헌책방,카페,제주특별자치도,제주시,33.50285304,126.5201137
타래커피제주아라동점,카페,제주특별자치도,제주시,33.4842769,126.5406486
오늘도빵과커피,카페,제주특별자치도,제주시,33.4833217,126.496669
밝은달귤후르츠앤북스,카페,제주특별자치도,서귀포시,33.22843054,126.2532886
키에키로스팅룸,카페,제주특별자치도,제주시,33.51036787,126.5236347
카페사분의일,카페,제주특별자치도,제주시,33.4462479,126.4813102
1층마카롱,카페,제주특별자치도,제주시,33.50639044,126.5351291
달리는커피서귀포,카페,제주특별자치도,서귀포시,33.27956333,126.7180582
서귀포안덕면화순카페인더눅,카페,제주특별자치도,서귀포시,33.24235013,126.3357134
감성커피서귀포법환점,카페,제주특별자치도,서귀포시,33.23380114,126.5125979
봄봄애월점,카페,제주특별자치도,제주시,33.4600074,126.3210214
루미에르,카페,제주특별자치도,제주시,33.50715659,126.5093598
카페마망,카페,제주특별자치도,서귀포시,33.44979759,126.8879605
아이빈,카페,제주특별자치도,제주시,33.54296867,126.6348929
엘에프,카페,제주특별자치도,서귀포시,33.24313133,126.4515681
신세계다방,카페,제주특별자치도,제주시,33.41580881,126.262128
컴포즈커피제주일도인제점,카페,제주특별자치도,제주시,33.50540414,126.5414302
로스트룸,카페,제주특별자치도,제주시,33.49131336,126.534478
이보커,카페,제주특별자치도,제주시,33.48132024,126.4770881
카페세바,카페,제주특별자치도,제주시,33.51322501,126.7060336
올리브앤씨,카페,제주특별자치도,제주시,33.44830957,126.3023882
원카페,카페,제주특별자치도,제주시,33.45454772,126.5724385
사우스포트,카페,제주특별자치도,서귀포시,33.2570146,126.5474648
수노카페,카페,제주특별자치도,제주시,33.55641627,126.7198004
소오커피,카페,제주특별자치도,제주시,33.50753611,126.523435
더벤티연동점,카페,제주특별자치도,제주시,33.48727456,126.4909972
우포포이,카페,제주특별자치도,제주시,33.50173705,126.5183011
해오름디저트카페,카페,제주특별자치도,서귀포시,33.25434209,126.5641014
빙고커피앤디저트,카페,제주특별자치도,제주시,33.48923078,126.541763
선주청과,카페,제주특별자치도,제주시,33.39338242,126.2405633
백억커피제주삼도점,카페,제주특별자치도,제주시,33.50210182,126.5193645
띠아모,카페,제주특별자치도,서귀포시,33.25641704,126.5722364
카페직,카페,제주특별자치도,제주시,33.49673051,126.5269592
가을다방,카페,제주특별자치도,제주시,33.51372289,126.5382112
메가엠지씨커피제주수모루점,카페,제주특별자치도,서귀포시,33.24514817,126.5230719
백억커피제주삼화점,카페,제주특별자치도,제주시,33.51972257,126.5719889
풀말차정원,카페,제주특별자치도,제주시,33.55351926,126.7068663
우도바이킹,카페,제주특별자치도,제주시,33.49708947,126.9453972
수스로로스팅하우스,카페,제주특별자치도,제주시,33.46343044,126.3388188
아노록커피바,카페,제주특별자치도,제주시,33.53461586,126.6215245
이노프,카페,제주특별자치도,서귀포시,33.32958828,126.7980974
나나곳간,카페,제주특별자치도,제주시,33.485147,126.4154341
베이커리카페&피쉬마켓,카페,제주특별자치도,제주시,33.9594195,126.2967402
크레이지빙수신제주점,카페,제주특별자치도,제주시,33.48119602,126.4733017
로뎀카페,카페,제주특별자치도,제주시,33.50198112,126.5325914
카페드노엘,카페,제주특별자치도,제주시,33.51448928,126.576051
카페직민속자연사박물관점,카페,제주특별자치도,제주시,33.50562928,126.5317215
이디야커피서홍점,카페,제주특별자치도,서귀포시,33.26140716,126.5554162
컴포즈커피제주,카페,제주특별자치도,제주시,33.49237498,126.5362801
카페마노앤디또,카페,제주특별자치도,제주시,33.34972684,126.185016
무로이로비,카페,제주특별자치도,서귀포시,33.3077306,126.3365603
예평제주점,카페,제주특별자치도,제주시,33.33878318,126.2662584
카주아루,카페,제주특별자치도,제주시,33.49254164,126.5350417
달곰카페,카페,제주특별자치도,제주시,33.49925051,126.6570299
카페봄봄,카페,제주특별자치도,서귀포시,33.27904527,126.2743261
믈커피스페셜티점,카페,제주특별자치도,서귀포시,33.27195899,126.5986401
카르마커피제주,카페,제주특별자치도,제주시,33.55622211,126.8011899
카페이엘라도,카페,제주특별자치도,제주시,33.51167757,126.5172666
카페밀,카페,제주특별자치도,제주시,33.49129047,126.5428605
카페휘,카페,제주특별자치도,제주시,33.37623144,126.2140516
신수카페,카페,제주특별자치도,제주시,33.3027058,126.1984238
디저트39서귀포명동로점,카페,제주특별자치도,서귀포시,33.24720983,126.5639973
여름정원,카페,제주특별자치도,서귀포시,33.3610065,126.8389506
커피솝,카페,제주특별자치도,제주시,33.5092763,126.5096062
한복입은바리스타,카페,제주특별자치도,제주시,33.51357722,126.5235525
벤치테이블,카페,제주특별자치도,서귀포시,33.45906614,126.9100857
에이바우트커피이편한세상시티점,카페,제주특별자치도,제주시,33.48386022,126.4829368
삼달리꽃밭에서,카페,제주특별자치도,서귀포시,33.36766501,126.8654793
웨이브피스,카페,제주특별자치도,제주시,33.47768903,126.5487739
빽다방제주애월구엄포구점,카페,제주특별자치도,제주시,33.4840147,126.377321
통기타추억여행,카페,제주특별자치도,서귀포시,33.23720755,126.2941773
복다방카페,카페,제주특별자치도,서귀포시,33.21856442,126.2513772
더벤티제주연오점,카페,제주특별자치도,제주시,33.48470368,126.5017611
빽다방제주송악산점,카페,제주특별자치도,서귀포시,33.2071798,126.2903213
카페봄봄,카페,제주특별자치도,제주시,33.50352747,126.5266855
인디55,카페,제주특별자치도,서귀포시,33.22363966,126.2423016
뉴데이커피,카페,제주특별자치도,제주시,33.47424563,126.5440366
헬로남생이,카페,제주특별자치도,제주시,33.53357391,126.6140254
카페옐로우,카페,제주특별자치도,제주시,33.49383701,126.9509734
프롬프트제주,카페,제주특별자치도,제주시,33.51238155,126.5387565
2시6분,카페,제주특별자치도,제주시,33.47130841,126.7844186
애플망고포레,카페,제주특별자치도,서귀포시,33.30997942,126.8047144
사우스본,카페,제주특별자치도,제주시,33.48955725,126.5496593
하토말차,카페,제주특별자치도,제주시,33.50953602,126.523015
카페요지,카페,제주특별자치도,제주시,33.49580789,126.5357022
이지비지,카페,제주특별자치도,제주시,33.50776563,126.5245099
삼달198,카페,제주특별자치도,서귀포시,33.37410125,126.8486517
읍천리382제주점,카페,제주특별자치도,제주시,33.49573717,126.5360792
투모로우,카페,제주특별자치도,서귀포시,33.24604549,126.6184916
온도디저트랩,카페,제주특별자치도,제주시,33.50934664,126.5091537
파리크라상파스쿠찌제주대,카페,제주특별자치도,제주시,33.46720844,126.545203
라이초,카페,제주특별자치도,제주시,33.49854048,126.5407454
블랙이쉬레드,카페,제주특별자치도,제주시,33.41604938,126.398556
그라포드커피,카페,제주특별자치도,서귀포시,33.30889074,126.7791601
투빅커피제주,카페,제주특별자치도,서귀포시,33.25365322,126.4314781
우도바라기,카페,제주특별자치도,제주시,33.50620298,126.9416569
비로소커피,카페,제주특별자치도,제주시,33.5019043,126.4880597
파스쿠찌제주,카페,제주특별자치도,서귀포시,33.27904527,126.2743261
민박카페,카페,제주특별자치도,서귀포시,33.46498638,126.9333799
더벤티,카페,제주특별자치도,제주시,33.49922914,126.5296468
씨로드,카페,제주특별자치도,서귀포시,33.20080273,126.2773317
시나몬도넛샾,카페,제주특별자치도,제주시,33.51018468,126.5136156
까페노을숲,카페,제주특별자치도,제주시,33.32838227,126.1640783
스타벅스,카페,제주특별자치도,제주시,33.54248744,126.6689719
무슈부부커피스탠드관덕정,카페,제주특별자치도,제주시,33.51295651,126.5215755
포구안,카페,제주특별자치도,서귀포시,33.2370442,126.5118825
스타벅스,카페,제주특별자치도,서귀포시,33.25421818,126.4114393
카페쿠리,카페,제주특별자치도,서귀포시,33.3867624,126.8844195
슈소롯,카페,제주특별자치도,제주시,33.49181766,126.4306906
라벤더블루,카페,제주특별자치도,제주시,33.30877122,126.1652104
코모커피,카페,제주특별자치도,제주시,33.51610725,126.5799072
컴포즈커피제주남녕고점,카페,제주특별자치도,제주시,33.49061308,126.4807661
빽다방제주도남점,카페,제주특별자치도,제주시,33.49762774,126.5281811
토마틀,카페,제주특별자치도,제주시,33.514451,126.6947709
만금카페,카페,제주특별자치도,제주시,33.50929181,126.5204764
비파인,카페,제주특별자치도,제주시,33.33959753,126.2222866
카페광령올레,카페,제주특별자치도,제주시,33.4610293,126.4388088
텐퍼센트커피제주아라,카페,제주특별자치도,제주시,33.47500928,126.5457539
아이러브눅,카페,제주특별자치도,제주시,33.53237784,126.6580081
온오프베이크샵,카페,제주특별자치도,제주시,33.4858144,126.5370897
제주아꼼이네오션라운지,카페,제주특별자치도,제주시,33.52690761,126.5877456
브라운커피,카페,제주특별자치도,제주시,33.55645234,126.7537214
갑준이똘,카페,제주특별자치도,제주시,33.51843369,126.9534137
오랑주리혜원,카페,제주특별자치도,제주시,33.33797058,126.1989495
이디야커피제주남원포구점,카페,제주특별자치도,서귀포시,33.27825043,126.7195974
카페요아정제주,카페,제주특별자치도,서귀포시,33.25189152,126.4248256
닛츠,카페,제주특별자치도,제주시,33.48710321,126.4211452
소설과농담,카페,제주특별자치도,제주시,33.50911943,126.522533
커피다,카페,제주특별자치도,제주시,33.50017495,126.5176964
더벤티원,카페,제주특별자치도,제주시,33.48554597,126.4850464
카페뷰,카페,제주특별자치도,제주시,33.52034669,126.9579013
내향적커피,카페,제주특별자치도,서귀포시,33.25577113,126.5758238
포클로버커피,카페,제주특별자치도,제주시,33.47868272,126.4910797
미남커피난드르점,카페,제주특별자치도,서귀포시,33.23545337,126.3669543
카페다온99.9,카페,제주특별자치도,서귀포시,33.38648384,126.7945267
블루웨일소품앤카페,카페,제주특별자치도,제주시,33.51610012,126.5254976
더벤티제주,카페,제주특별자치도,서귀포시,33.24803222,126.5619759
송당안,카페,제주특별자치도,제주시,33.47219566,126.7813718
강정동베이커리,카페,제주특별자치도,서귀포시,33.25894371,126.5070495
감성커피제주,카페,제주특별자치도,제주시,33.49606676,126.5350121
커피클럽,카페,제주특별자치도,서귀포시,33.2435206,126.4601711
카페봄봄내도점,카페,제주특별자치도,제주시,33.49555316,126.4392426
우지커피제주,카페,제주특별자치도,제주시,33.4813185,126.4852866
쉼,카페,제주특별자치도,서귀포시,33.26482145,126.6410237
원비원,카페,제주특별자치도,제주시,33.52360573,126.8557117
김녕카페분식,카페,제주특별자치도,제주시,33.55710448,126.7598361
카페실꽃누리,카페,제주특별자치도,제주시,33.51330058,126.5058702
바다아뜰리에,카페,제주특별자치도,제주시,33.46534983,126.3186562
에치,카페,제주특별자치도,제주시,33.52159965,126.567308
카페삼도동,카페,제주특별자치도,제주시,33.51184704,126.5214417
감아라,카페,제주특별자치도,제주시,33.4849451,126.5482844
커피처방전,카페,제주특별자치도,제주시,33.49276512,126.5065679
제주복이당,카페,제주특별자치도,제주시,33.51440446,126.5253239
시도,카페,제주특별자치도,제주시,33.48888555,126.4421585
카페더플로라화련,카페,제주특별자치도,서귀포시,33.27301285,126.1937365
괸당커피,카페,제주특별자치도,제주시,33.50030902,126.5291136
아꼬아가게,카페,제주특별자치도,제주시,33.51163393,126.5199576
누아제주,카페,제주특별자치도,제주시,33.5115318,126.519194
촐,카페,제주특별자치도,서귀포시,33.41223397,126.7737708
카페오복,카페,제주특별자치도,제주시,33.4982157,126.5358507
텐퍼센트커피제주동문,카페,제주특별자치도,제주시,33.51221109,126.5270257
캐럿츠,카페,제주특별자치도,제주시,33.55479234,126.7979519
꿀다방,카페,제주특별자치도,제주시,33.52537131,126.8543847
더벤티서귀포,카페,제주특별자치도,서귀포시,33.25314257,126.5222773
오디너리6,카페,제주특별자치도,제주시,33.48361245,126.4776016
바깥채,카페,제주특별자치도,제주시,33.51245598,126.518048
로스터리정도,카페,제주특별자치도,제주시,33.49147638,126.5275258
빽다방제주노형월랑점,카페,제주특별자치도,제주시,33.48978524,126.4768651
카페봄봄,카페,제주특별자치도,제주시,33.48887284,126.597029
카페봄봄칠십리점,카페,제주특별자치도,서귀포시,33.24205257,126.5665981
하랑,카페,제주특별자치도,제주시,33.50002062,126.5220771
이디야커피,카페,제주특별자치도,제주시,33.50249849,126.543189
오희커피,카페,제주특별자치도,제주시,33.48526827,126.4726099
할리스제주,카페,제주특별자치도,제주시,33.48299598,126.4789394
더바우,카페,제주특별자치도,제주시,33.35418064,126.2129606
가보세엠케이카페,카페,제주특별자치도,서귀포시,33.22107755,126.2539839
카페토스티,카페,제주특별자치도,제주시,33.47023241,126.5412928
카페퍼즈,카페,제주특별자치도,제주시,33.36428404,126.1997292
도톨,카페,제주특별자치도,서귀포시,33.26419802,126.6135187
메가엠지씨커피제주노형,카페,제주특별자치도,제주시,33.48449616,126.4797805
카페봄봄서귀,카페,제주특별자치도,서귀포시,33.25048197,126.5612125
허당소금빵,카페,제주특별자치도,서귀포시,33.40523593,126.9049167
카페봄봄예래점,카페,제주특별자치도,서귀포시,33.26408698,126.3845529
무로이,카페,제주특별자치도,서귀포시,33.3077306,126.3365603
